INSERT INTO car (id,version,amountDowngrade,amountUpgrade,benefit,bluetooth,co2,description,fiscHp,fuelType,functionalLevel,gps,idealKm,listPrice,make,maxKm,model,timeOfDeliveryInDays,towingBracketPossibility,tyreType) VALUES (1000,1,3924.43,0,104.17,true,89,"",9,'DIESEL',2,true,140000,25048.99,'Audi',180000,'A3 sportback 1,6 tdi 110 pk ultra attraction',150,true,'STEEL');
INSERT INTO car (id,version,amountDowngrade,amountUpgrade,benefit,bluetooth,co2,description,fiscHp,fuelType,functionalLevel,gps,idealKm,listPrice,make,maxKm,model,timeOfDeliveryInDays,towingBracketPossibility,tyreType) VALUES (1001,1,2479.69,0,104.17,true,109,"",7,'DIESEL',2,true,140000,19945.48,'Seat',180000,'Ibiza St 1,6 crtdi 105 pk Style ecomotive',105,false,'STEEL');
INSERT INTO car (id,version,amountDowngrade,amountUpgrade,benefit,bluetooth,co2,description,fiscHp,fuelType,functionalLevel,gps,idealKm,listPrice,make,maxKm,model,timeOfDeliveryInDays,towingBracketPossibility,tyreType) VALUES (1002,1,5491.27,0,104.17,true,87,"",9,'DIESEL',2,true,140000,23178.0,'Seat',180000,'Leon style 1,6 Tdi 110 pk ecomotive',90,false,'STEEL');
INSERT INTO car (id,version,amountDowngrade,amountUpgrade,benefit,bluetooth,co2,description,fiscHp,fuelType,functionalLevel,gps,idealKm,listPrice,make,maxKm,model,timeOfDeliveryInDays,towingBracketPossibility,tyreType) VALUES (1003,1,4253.93,0,104.17,true,90,"",9,'DIESEL',2,true,140000,24566.82,'Skoda',180000,'Octavia Berline 1,6 tdi 110 pk  greenline',90,true,'STEEL');
INSERT INTO car (id,version,amountDowngrade,amountUpgrade,benefit,bluetooth,co2,description,fiscHp,fuelType,functionalLevel,gps,idealKm,listPrice,make,maxKm,model,timeOfDeliveryInDays,towingBracketPossibility,tyreType) VALUES (1004,1,4042.73,0,104.17,true,90,"",9,'DIESEL',2,true,140000,25343.22,'Skoda',180000,'Octavia combi 1,6 tdi 110 pk  greenline',105,true,'STEEL');
INSERT INTO car (id,version,amountDowngrade,amountUpgrade,benefit,bluetooth,co2,description,fiscHp,fuelType,functionalLevel,gps,idealKm,listPrice,make,maxKm,model,timeOfDeliveryInDays,towingBracketPossibility,tyreType) VALUES (1005,1,1907.41,0,104.17,true,109,"",7,'DIESEL',2,true,180000,17187.91,'Skoda',200000,'Roomster 1,2 crtdi 75 pk',105,true,'STEEL');
INSERT INTO car (id,version,amountDowngrade,amountUpgrade,benefit,bluetooth,co2,description,fiscHp,fuelType,functionalLevel,gps,idealKm,listPrice,make,maxKm,model,timeOfDeliveryInDays,towingBracketPossibility,tyreType) VALUES (1006,1,1369.33,0,123.65,true,99,"",9,'DIESEL',2,true,140000,27476.95,'VW',180000,'Golf 7 Highline 1,6l CRTDI 110 pk BMT',120,true,'STEEL');
INSERT INTO car (id,version,amountDowngrade,amountUpgrade,benefit,bluetooth,co2,description,fiscHp,fuelType,functionalLevel,gps,idealKm,listPrice,make,maxKm,model,timeOfDeliveryInDays,towingBracketPossibility,tyreType) VALUES (1007,1,1407.33,0,125.86,true,102,"",9,'DIESEL',2,true,140000,26696.57,'VW',180000,'Golf Variant Trendl.1,6 CRTDI 110 pk BMT',105,true,'STEEL');
INSERT INTO car (id,version,amountDowngrade,amountUpgrade,benefit,bluetooth,co2,description,fiscHp,fuelType,functionalLevel,gps,idealKm,listPrice,make,maxKm,model,timeOfDeliveryInDays,towingBracketPossibility,tyreType) VALUES (1008,1,2795.35,2431.85,122.93,true,107,"",11,'DIESEL',3,true,140000,24240.16,'VW',180000,'Beetle Design 2,0l TDI 110pk BMT',150,false,'STEEL');
INSERT INTO car (id,version,amountDowngrade,amountUpgrade,benefit,bluetooth,co2,description,fiscHp,fuelType,functionalLevel,gps,idealKm,listPrice,make,maxKm,model,timeOfDeliveryInDays,towingBracketPossibility,tyreType) VALUES (1009,1,3036.91,2190.29,126.98,true,99,"",9,'DIESEL',3,true,140000,28218.01,'Audi',180000,'A3 sportback 1,6 tdi 110 pk Ambiente',150,true,'STEEL');
INSERT INTO car (id,version,amountDowngrade,amountUpgrade,benefit,bluetooth,co2,description,fiscHp,fuelType,functionalLevel,gps,idealKm,listPrice,make,maxKm,model,timeOfDeliveryInDays,towingBracketPossibility,tyreType) VALUES (1010,1,3165.9,2061.3,134.92,true,102,"",9,'DIESEL',3,true,180000,28618.88,'VW',200000,'Golf Variant Highline 1,6CRTDI 110 pk BMT',120,true,'STEEL');
INSERT INTO car (id,version,amountDowngrade,amountUpgrade,benefit,bluetooth,co2,description,fiscHp,fuelType,functionalLevel,gps,idealKm,listPrice,make,maxKm,model,timeOfDeliveryInDays,towingBracketPossibility,tyreType) VALUES (1011,1,2792.9,2434.3,137.66,true,109,"",9,'DIESEL',3,true,180000,26400.74,'Skoda',200000,'Superb berline ambiente 1,6 crtdi greenline',120,true,'STEEL');
INSERT INTO car (id,version,amountDowngrade,amountUpgrade,benefit,bluetooth,co2,description,fiscHp,fuelType,functionalLevel,gps,idealKm,listPrice,make,maxKm,model,timeOfDeliveryInDays,towingBracketPossibility,tyreType) VALUES (1012,1,1363.08,3864.12,152.23,true,105,"",9,'DIESEL',3,true,140000,30887.44,'VW',180000,'Passat berline 1.6 TDI 120 pk DPG BMT comfortline',120,true,'ALUMINIUM');
INSERT INTO car (id,version,amountDowngrade,amountUpgrade,benefit,bluetooth,co2,description,fiscHp,fuelType,functionalLevel,gps,idealKm,listPrice,make,maxKm,model,timeOfDeliveryInDays,towingBracketPossibility,tyreType) VALUES (1013,1,2349.24,2877.96,153.2,true,113,"",9,'DIESEL',3,true,180000,27853.89,'Skoda',200000,'Superb Combi 1,6 tdi 105 pk 5v geenline amb',120,true,'STEEL');
INSERT INTO car (id,version,amountDowngrade,amountUpgrade,benefit,bluetooth,co2,description,fiscHp,fuelType,functionalLevel,gps,idealKm,listPrice,make,maxKm,model,timeOfDeliveryInDays,towingBracketPossibility,tyreType) VALUES (1014,1,1557.73,3669.47,157.65,true,115,"",9,'DIESEL',3,true,140000,27937.26,'VW',180000,'New Touran 1.6TDI Trendline 110pk BMT 6v',150,true,'ALUMINIUM');
INSERT INTO car (id,version,amountDowngrade,amountUpgrade,benefit,bluetooth,co2,description,fiscHp,fuelType,functionalLevel,gps,idealKm,listPrice,make,maxKm,model,timeOfDeliveryInDays,towingBracketPossibility,tyreType) VALUES (1015,1,5046.42,761.58,135.73,true,101,"",9,'DIESEL',4,true,140000,29234.32,'VW',180000,'Golf Sportsvan 1,6 CRTDI 110 Highline',120,true,'STEEL');
INSERT INTO car (id,version,amountDowngrade,amountUpgrade,benefit,bluetooth,co2,description,fiscHp,fuelType,functionalLevel,gps,idealKm,listPrice,make,maxKm,model,timeOfDeliveryInDays,towingBracketPossibility,tyreType) VALUES (1016,1,4611.88,1196.12,138.17,true,105,"",9,'DIESEL',4,true,140000,28034.71,'VW',180000,'Jetta Comfortline 2,0 tdi 110pk 5v BMT',150,true,'ALUMINIUM');
INSERT INTO car (id,version,amountDowngrade,amountUpgrade,benefit,bluetooth,co2,description,fiscHp,fuelType,functionalLevel,gps,idealKm,listPrice,make,maxKm,model,timeOfDeliveryInDays,towingBracketPossibility,tyreType) VALUES (1017,1,4283.85,1524.15,154.61,true,109,"",9,'DIESEL',4,true,180000,29652.19,'Skoda',200000,'Superb Greenline elegance 1,6 tdi 105 pk',120,true,'STEEL');
INSERT INTO car (id,version,amountDowngrade,amountUpgrade,benefit,bluetooth,co2,description,fiscHp,fuelType,functionalLevel,gps,idealKm,listPrice,make,maxKm,model,timeOfDeliveryInDays,towingBracketPossibility,tyreType) VALUES (1018,1,2150.86,3657.14,166.61,true,107,"",9,'DIESEL',4,true,140000,32852.07,'VW',180000,'Passat Variant 1,6 tdi 120 pk Comfortline',120,true,'ALUMINIUM');
INSERT INTO car (id,version,amountDowngrade,amountUpgrade,benefit,bluetooth,co2,description,fiscHp,fuelType,functionalLevel,gps,idealKm,listPrice,make,maxKm,model,timeOfDeliveryInDays,towingBracketPossibility,tyreType) VALUES (1019,1,2713.57,3094.43,167.34,true,115,"",9,'DIESEL',4,true,140000,29655.48,'VW',180000,'New Touran 1.6TDI Trendline 110 pk BMT 6v',150,true,'ALUMINIUM');
INSERT INTO car (id,version,amountDowngrade,amountUpgrade,benefit,bluetooth,co2,description,fiscHp,fuelType,functionalLevel,gps,idealKm,listPrice,make,maxKm,model,timeOfDeliveryInDays,towingBracketPossibility,tyreType) VALUES (1020,1,1835.36,3972.64,170.75,true,117,"",11,'DIESEL',4,true,180000,29511.49,'Audi',200000,'A4 berline 2,0 tdi 120 pk',120,true,'ALUMINIUM');
INSERT INTO car (id,version,amountDowngrade,amountUpgrade,benefit,bluetooth,co2,description,fiscHp,fuelType,functionalLevel,gps,idealKm,listPrice,make,maxKm,model,timeOfDeliveryInDays,towingBracketPossibility,tyreType) VALUES (1021,1,3548.4,2259.6,170.89,true,113,"",9,'DIESEL',4,true,180000,31070.18,'Skoda',200000,'Superb combi Greenline elegance 1,6 tdi 105 pk',120,true,'STEEL');
INSERT INTO car (id,version,amountDowngrade,amountUpgrade,benefit,bluetooth,co2,description,fiscHp,fuelType,functionalLevel,gps,idealKm,listPrice,make,maxKm,model,timeOfDeliveryInDays,towingBracketPossibility,tyreType) VALUES (1022,1,3614.96,4806.64,104.17,true,95,"",8,'GASOLINE',5,true,180000,32608.02,'vw',200000,'Jetta hybride 1,4 tsi 150 pk dsg',150,false,'ALUMINIUM');
INSERT INTO car (id,version,amountDowngrade,amountUpgrade,benefit,bluetooth,co2,description,fiscHp,fuelType,functionalLevel,gps,idealKm,listPrice,make,maxKm,model,timeOfDeliveryInDays,towingBracketPossibility,tyreType) VALUES (1023,1,7942.24,479.36,139.56,true,105,"",11,'DIESEL',5,true,140000,28316.18,'Audi',180000,'A3 sportback 2,0 tdi 150 pk Attraction',150,true,'ALUMINIUM');
INSERT INTO car (id,version,amountDowngrade,amountUpgrade,benefit,bluetooth,co2,description,fiscHp,fuelType,functionalLevel,gps,idealKm,listPrice,make,maxKm,model,timeOfDeliveryInDays,towingBracketPossibility,tyreType) VALUES (1024,1,7357.86,1063.74,150.31,true,104,"",9,'DIESEL',5,true,180000,30945.61,'Audi',200000,'A4 berline 2,0 tdi ultra 136 pk',120,true,'STEEL');
INSERT INTO car (id,version,amountDowngrade,amountUpgrade,benefit,bluetooth,co2,description,fiscHp,fuelType,functionalLevel,gps,idealKm,listPrice,make,maxKm,model,timeOfDeliveryInDays,towingBracketPossibility,tyreType) VALUES (1025,1,5420.33,3001.27,175.21,true,107,"",9,'DIESEL',5,true,140000,34547.75,'VW',180000,'Passat variant 1,6 tdi 120 pk highline',120,true,'ALUMINIUM');
INSERT INTO car (id,version,amountDowngrade,amountUpgrade,benefit,bluetooth,co2,description,fiscHp,fuelType,functionalLevel,gps,idealKm,listPrice,make,maxKm,model,timeOfDeliveryInDays,towingBracketPossibility,tyreType) VALUES (1026,1,6970.93,1450.67,175.62,true,115,"",9,'DIESEL',5,true,140000,31122.47,'VW',180000,'New Touran 1.6TDI Highline 110 pk BMT 6v',150,true,'ALUMINIUM');
INSERT INTO car (id,version,amountDowngrade,amountUpgrade,benefit,bluetooth,co2,description,fiscHp,fuelType,functionalLevel,gps,idealKm,listPrice,make,maxKm,model,timeOfDeliveryInDays,towingBracketPossibility,tyreType) VALUES (1027,1,4957.47,3464.13,175.94,true,106,"",11,'DIESEL',5,true,180000,35187.49,'VW',200000,'Passat berline 2,0 tdi 150 pk highline',120,true,'ALUMINIUM');
INSERT INTO car (id,version,amountDowngrade,amountUpgrade,benefit,bluetooth,co2,description,fiscHp,fuelType,functionalLevel,gps,idealKm,listPrice,make,maxKm,model,timeOfDeliveryInDays,towingBracketPossibility,tyreType) VALUES (1028,1,5635.71,2785.89,183.17,true,121,"",11,'DIESEL',5,true,180000,30169.23,'Skoda',200000,'superb combi 2,0 tdi 140 pk Greentec',120,true,'STEEL');
INSERT INTO car (id,version,amountDowngrade,amountUpgrade,benefit,bluetooth,co2,description,fiscHp,fuelType,functionalLevel,gps,idealKm,listPrice,make,maxKm,model,timeOfDeliveryInDays,towingBracketPossibility,tyreType) VALUES (1029,1,4343.68,4077.92,193.76,true,123,"",11,'DIESEL',5,true,180000,31180.52,'Audi',200000,'A4 avant 2,0 tdi 120 pk',120,true,'ALUMINIUM');
INSERT INTO car (id,version,amountDowngrade,amountUpgrade,benefit,bluetooth,co2,description,fiscHp,fuelType,functionalLevel,gps,idealKm,listPrice,make,maxKm,model,timeOfDeliveryInDays,towingBracketPossibility,tyreType) VALUES (1030,1,0,1501.75,181.79,true,109,"",11,'DIESEL',6,true,180000,34864.63,'Audi',200000,'A4 avant 2,0 tdi ultra 136 pk 6 v',120,true,'STEEL');
INSERT INTO car (id,version,amountDowngrade,amountUpgrade,benefit,bluetooth,co2,description,fiscHp,fuelType,functionalLevel,gps,idealKm,listPrice,make,maxKm,model,timeOfDeliveryInDays,towingBracketPossibility,tyreType) VALUES (1031,1,0,2487.12,187.98,true,114,"",11,'DIESEL',6,true,180000,33739.6,'Audi',200000,'Q3 2,0 tdi ultra 150 pk',150,true,'ALUMINIUM');
INSERT INTO car (id,version,amountDowngrade,amountUpgrade,benefit,bluetooth,co2,description,fiscHp,fuelType,functionalLevel,gps,idealKm,listPrice,make,maxKm,model,timeOfDeliveryInDays,towingBracketPossibility,tyreType) VALUES (1032,1,0,2963.81,188.6,true,109,"",11,'DIESEL',6,true,180000,36170.39,'Audi',200000,'A4 berline 2,0 tdi 163 pk ultra',120,true,'STEEL');
INSERT INTO car (id,version,amountDowngrade,amountUpgrade,benefit,bluetooth,co2,description,fiscHp,fuelType,functionalLevel,gps,idealKm,listPrice,make,maxKm,model,timeOfDeliveryInDays,towingBracketPossibility,tyreType) VALUES (1033,1,0,3488.23,217.89,true,114,"",11,'DIESEL',6,true,180000,39108.5,'Audi',200000,'A6 berline 2,0 tdi 136 pk',120,true,'ALUMINIUM');
INSERT INTO car (id,version,amountDowngrade,amountUpgrade,benefit,bluetooth,co2,description,fiscHp,fuelType,functionalLevel,gps,idealKm,listPrice,make,maxKm,model,timeOfDeliveryInDays,towingBracketPossibility,tyreType) VALUES (1034,1,0,4376.24,223.6,true,118,"",11,'DIESEL',6,true,180000,38175.3,'Audi',200000,'A5 sportback 2,0 tdi 150 pk',120,true,'ALUMINIUM');
INSERT INTO car (id,version,amountDowngrade,amountUpgrade,benefit,bluetooth,co2,description,fiscHp,fuelType,functionalLevel,gps,idealKm,listPrice,make,maxKm,model,timeOfDeliveryInDays,towingBracketPossibility,tyreType) VALUES (1035,1,0,4827.21,236.78,true,130,"",11,'DIESEL',6,true,140000,35265.09,'Seat',180000,'New Alhambra Style2,0 tdi 150 pk',120,true,'ALUMINIUM');
INSERT INTO car (id,version,amountDowngrade,amountUpgrade,benefit,bluetooth,co2,description,fiscHp,fuelType,functionalLevel,gps,idealKm,listPrice,make,maxKm,model,timeOfDeliveryInDays,towingBracketPossibility,tyreType) VALUES (1036,1,0,5689.32,241.08,true,118,"",11,'DIESEL',6,true,180000,41159.3,'Audi',200000,'A6 avant 2,0 tdi 136 pk',120,true,'ALUMINIUM');
INSERT INTO car (id,version,amountDowngrade,amountUpgrade,benefit,bluetooth,co2,description,fiscHp,fuelType,functionalLevel,gps,idealKm,listPrice,make,maxKm,model,timeOfDeliveryInDays,towingBracketPossibility,tyreType) VALUES (1037,1,0,528.28,240.79,true,130,"",11,'DIESEL',7,true,140000,35862.03,'Seat',180000,'New Alhambra Style2,0 tdi 150 pk',120,true,'ALUMINIUM');
INSERT INTO car (id,version,amountDowngrade,amountUpgrade,benefit,bluetooth,co2,description,fiscHp,fuelType,functionalLevel,gps,idealKm,listPrice,make,maxKm,model,timeOfDeliveryInDays,towingBracketPossibility,tyreType) VALUES (1038,1,0,1090.44,241.4,true,114,"",11,'DIESEL',7,true,180000,43328.04,'Audi',200000,'A6 berline 2,0 tdi 150 pk',120,true,'ALUMINIUM');
INSERT INTO car (id,version,amountDowngrade,amountUpgrade,benefit,bluetooth,co2,description,fiscHp,fuelType,functionalLevel,gps,idealKm,listPrice,make,maxKm,model,timeOfDeliveryInDays,towingBracketPossibility,tyreType) VALUES (1039,1,0,3985.73,253.91,true,114,"",11,'DIESEL',7,true,180000,45574.16,'Audi',200000,'A6 berline 2,0 tdi 190 pk',120,true,'ALUMINIUM');
INSERT INTO car (id,version,amountDowngrade,amountUpgrade,benefit,bluetooth,co2,description,fiscHp,fuelType,functionalLevel,gps,idealKm,listPrice,make,maxKm,model,timeOfDeliveryInDays,towingBracketPossibility,tyreType) VALUES (1040,1,0,3464.29,265.79,true,118,"",11,'DIESEL',7,true,180000,45378.84,'Audi',200000,'A6 avant 2,0 tdi 150 pk',120,true,'ALUMINIUM');
INSERT INTO car (id,version,amountDowngrade,amountUpgrade,benefit,bluetooth,co2,description,fiscHp,fuelType,functionalLevel,gps,idealKm,listPrice,make,maxKm,model,timeOfDeliveryInDays,towingBracketPossibility,tyreType) VALUES (1041,1,0,3393.44,266.01,true,129,"",11,'DIESEL',7,true,180000,40044.08,'Audi',200000,'Q5 2,0 tdi150 pk',180,true,'ALUMINIUM');
INSERT INTO car (id,version,amountDowngrade,amountUpgrade,benefit,bluetooth,co2,description,fiscHp,fuelType,functionalLevel,gps,idealKm,listPrice,make,maxKm,model,timeOfDeliveryInDays,towingBracketPossibility,tyreType) VALUES (1042,1,0,5625.56,282.35,true,119,"",11,'DIESEL',7,true,180000,47624.93,'Audi',200000,'A6 Avant 2,0 tdi 190 pk',120,true,'ALUMINIUM');
INSERT INTO car (id,version,amountDowngrade,amountUpgrade,benefit,bluetooth,co2,description,fiscHp,fuelType,functionalLevel,gps,idealKm,listPrice,make,maxKm,model,timeOfDeliveryInDays,towingBracketPossibility,tyreType) VALUES (1043,1,0,3313.17,290.38,true,130,"",11,'DIESEL',7,true,140000,43247.62,'VW',180000,'New Sharan Comfortline 2,0 tdi 150 pk',150,true,'STEEL');
INSERT INTO caroption (id,version,description) VALUES (1000,1,"Cruise Control");
INSERT INTO caroption (id,version,description) VALUES (1001,1,"Dakrails");
INSERT INTO caroption (id,version,description) VALUES (1002,1,"Trekhaak tot 750kg");
INSERT INTO caroption (id,version,description) VALUES (1003,1,"Trekhaak > 750kg");
INSERT INTO caroption (id,version,description) VALUES (1004,1,"Automaat");
INSERT INTO caroption (id,version,description) VALUES (1005,1,"7-Zits");
INSERT INTO caroption (id,version,description) VALUES (1006,1,"Reservewiel");
INSERT INTO caroption (id,version,description) VALUES (1007,1,"Parkeersensoren");
INSERT INTO caroption (id,version,description) VALUES (1008,1,"Lederen interieur");
INSERT INTO caroption (id,version,description) VALUES (1009,1,"Verwarmde zetels");
INSERT INTO caroption (id,version,description) VALUES (1010,1,"Getinte ruiten");
INSERT INTO pack (id,version,name) VALUES (1000,1,"Pack Intuition Plus");
INSERT INTO pack (id,version,name) VALUES (1001,1,"Pack Electronic");
INSERT INTO pack (id,version,name) VALUES (1002,1,"Pack Dynamic");
INSERT INTO pack (id,version,name) VALUES (1003,1,"Pack LED");
INSERT INTO pack (id,version,name) VALUES (1004,1,"Pack ambition Gps");
INSERT INTO pack (id,version,name) VALUES (1005,1,"Pack ambition GPS TomTom Via 135 LTM");
INSERT INTO pack (id,version,name) VALUES (1006,1,"Pack Business Class @ discover Pro");
INSERT INTO pack (id,version,name) VALUES (1007,1,"Pack Business Class @ discover Media");
INSERT INTO pack (id,version,name) VALUES (1008,1,"Pack business @ Gps Discover Media");
INSERT INTO pack (id,version,name) VALUES (1009,1,"Pack Comfort 2");
INSERT INTO pack (id,version,name) VALUES (1010,1,"Pack Intuition Plus");
INSERT INTO pack (id,version,name) VALUES (1011,1,"Pack Lounge");
INSERT INTO pack (id,version,name) VALUES (1012,1,"Pack Business Class @ discover Media");
INSERT INTO pack (id,version,name) VALUES (1013,1,"Pack Company Amundsen");
INSERT INTO pack (id,version,name) VALUES (1014,1,"Business Media Pack");
INSERT INTO pack_items (Pack_id,items) VALUES (1000,"metaalkleur (behalve Exclusive kleuren)");
INSERT INTO pack_items (Pack_id,items) VALUES (1000,"elektronische klimaatregeling");
INSERT INTO pack_items (Pack_id,items) VALUES (1000,"GPS met SD-kaart");
INSERT INTO pack_items (Pack_id,items) VALUES (1000,"alu velgen 10 spaken 16");
INSERT INTO pack_items (Pack_id,items) VALUES (1000,"Acoustic Parking System achteraan");
INSERT INTO pack_items (Pack_id,items) VALUES (1000,"Audi Music Interface");
INSERT INTO pack_items (Pack_id,items) VALUES (1000,"Bluetooth connectie (telefoon en audio)");
INSERT INTO pack_items (Pack_id,items) VALUES (1000,"multifunctiestuur");
INSERT INTO pack_items (Pack_id,items) VALUES (1000,"boordcomputer");
INSERT INTO pack_items (Pack_id,items) VALUES (1001,"regensensor, Automatische lichten,");
INSERT INTO pack_items (Pack_id,items) VALUES (1001,"snelheidsregelaar");
INSERT INTO pack_items (Pack_id,items) VALUES (1001,"Parkeersensoren achteraan");
INSERT INTO pack_items (Pack_id,items) VALUES (1001,"Seat Portable System");
INSERT INTO pack_items (Pack_id,items) VALUES (1001,"Gps, Bluetooth, Micro-SD slot, aanraakscherm");
INSERT INTO pack_items (Pack_id,items) VALUES (1001,"Opbergmodule");
INSERT INTO pack_items (Pack_id,items) VALUES (1001,"Centrale armsteun, opbergladen onder voorzetels");
INSERT INTO pack_items (Pack_id,items) VALUES (1002,"Automatische koplampen, ruitenwisser, achteruitkijkspiegel");
INSERT INTO pack_items (Pack_id,items) VALUES (1002,"Parkeersensoren V + A");
INSERT INTO pack_items (Pack_id,items) VALUES (1002,"Radio/CD/GPS met Bluetooth, aux-in en USB");
INSERT INTO pack_items (Pack_id,items) VALUES (1003,"LED koplampen + achterlichten met LED technologie");
INSERT INTO pack_items (Pack_id,items) VALUES (1004,"GPS Amundsen");
INSERT INTO pack_items (Pack_id,items) VALUES (1004,"Tuner DAB");
INSERT INTO pack_items (Pack_id,items) VALUES (1004,"boord computer maxi dot");
INSERT INTO pack_items (Pack_id,items) VALUES (1004,"multifunktioneel stuur");
INSERT INTO pack_items (Pack_id,items) VALUES (1004,"bluetooth");
INSERT INTO pack_items (Pack_id,items) VALUES (1004,"lane assist");
INSERT INTO pack_items (Pack_id,items) VALUES (1004,"vloer tapijten");
INSERT INTO pack_items (Pack_id,items) VALUES (1005,"Climatronic");
INSERT INTO pack_items (Pack_id,items) VALUES (1005,"armsteun vooraan");
INSERT INTO pack_items (Pack_id,items) VALUES (1005,"Gps tomtom");
INSERT INTO pack_items (Pack_id,items) VALUES (1005,"radio cd swing mp3");
INSERT INTO pack_items (Pack_id,items) VALUES (1006,"Climatronic");
INSERT INTO pack_items (Pack_id,items) VALUES (1006,"8 luidsprekers");
INSERT INTO pack_items (Pack_id,items) VALUES (1006,"3D navigatie met 8 inch aanraakscherm");
INSERT INTO pack_items (Pack_id,items) VALUES (1006,"Aux in, USB, 2xSD");
INSERT INTO pack_items (Pack_id,items) VALUES (1006,"weergave foto, MP3, Divx, …");
INSERT INTO pack_items (Pack_id,items) VALUES (1006,"Bluetooth connectie (telefoon en audio)");
INSERT INTO pack_items (Pack_id,items) VALUES (1006,"SSD harde schijf");
INSERT INTO pack_items (Pack_id,items) VALUES (1006,"Parkeersensoren voor en achter");
INSERT INTO pack_items (Pack_id,items) VALUES (1006,"Park Assist (=semi-automatisch parkeren)");
INSERT INTO pack_items (Pack_id,items) VALUES (1006,"Elektrisch inklapbare spiegels (automatisch met het afsluiten)");
INSERT INTO pack_items (Pack_id,items) VALUES (1006,"Licht- en zichtmodule (automatische lichten en regensensor)");
INSERT INTO pack_items (Pack_id,items) VALUES (1007,"Metaalkleur");
INSERT INTO pack_items (Pack_id,items) VALUES (1007,"Climatronic");
INSERT INTO pack_items (Pack_id,items) VALUES (1007,"8 luidsprekers");
INSERT INTO pack_items (Pack_id,items) VALUES (1007,"Navigatie met 5,8 inch aanraakscherm");
INSERT INTO pack_items (Pack_id,items) VALUES (1007,"CD-lezer");
INSERT INTO pack_items (Pack_id,items) VALUES (1007,"Aux in, USB, SD");
INSERT INTO pack_items (Pack_id,items) VALUES (1007,"Bluetooth connectie (telefoon en audio)");
INSERT INTO pack_items (Pack_id,items) VALUES (1007,"Armsteun vooraan");
INSERT INTO pack_items (Pack_id,items) VALUES (1007,"Parkeersensoren voor en achter");
INSERT INTO pack_items (Pack_id,items) VALUES (1007,"Park Assist (=semi-automatisch parkeren)");
INSERT INTO pack_items (Pack_id,items) VALUES (1007,"Elektrisch inklapbare spiegels (automatisch met het afsluiten)");
INSERT INTO pack_items (Pack_id,items) VALUES (1007,"Licht- en zichtmodule (automatische lichten en regensensor)");
INSERT INTO pack_items (Pack_id,items) VALUES (1008,"Bediening aan het stuur van de boordcomputer, radio en telefoon");
INSERT INTO pack_items (Pack_id,items) VALUES (1008,"Boordcomputer  inchPlus inch");
INSERT INTO pack_items (Pack_id,items) VALUES (1008,"GPS Discover Media");
INSERT INTO pack_items (Pack_id,items) VALUES (1008,"bluetooth");
INSERT INTO pack_items (Pack_id,items) VALUES (1008,"sd-card reader");
INSERT INTO pack_items (Pack_id,items) VALUES (1008,"detail Europa");
INSERT INTO pack_items (Pack_id,items) VALUES (1009,"Centrale armsteun vooraan");
INSERT INTO pack_items (Pack_id,items) VALUES (1009,"Cruise control");
INSERT INTO pack_items (Pack_id,items) VALUES (1009,"Climatronic (automatische airco)");
INSERT INTO pack_items (Pack_id,items) VALUES (1011,"binnenbekleding leder Milano");
INSERT INTO pack_items (Pack_id,items) VALUES (1011,"verwarmde zetels vooraan");
INSERT INTO pack_items (Pack_id,items) VALUES (1011,"opbergmodule");
INSERT INTO pack_items (Pack_id,items) VALUES (1011,"licht- en regensensor");
INSERT INTO pack_items (Pack_id,items) VALUES (1011,"automatische binnenspiegel dag-nacht");
INSERT INTO pack_items (Pack_id,items) VALUES (1013,"cruise control");
INSERT INTO pack_items (Pack_id,items) VALUES (1013,"GPS Amundsen");
INSERT INTO pack_items (Pack_id,items) VALUES (1013,"boord computer maxi dot");
INSERT INTO pack_items (Pack_id,items) VALUES (1013,"multifunktioneel stuur");
INSERT INTO pack_items (Pack_id,items) VALUES (1013,"bluetooth");
INSERT INTO pack_items (Pack_id,items) VALUES (1013,"vloer tapijten");
INSERT INTO pack_items (Pack_id,items) VALUES (1013,"accoustic parking system voor/ achteraan");
INSERT INTO pack_items (Pack_id,items) VALUES (1013,"binnen/buitenspiegels met dimfunktie");
INSERT INTO pack_items (Pack_id,items) VALUES (1014,"GPS Discover Media");
INSERT INTO pack_items (Pack_id,items) VALUES (1014,"8 luidsprekers");
INSERT INTO pack_items (Pack_id,items) VALUES (1014,"Navigatie met 5,8 inch aanraakscherm");
INSERT INTO pack_items (Pack_id,items) VALUES (1014,"Navigatiegegevens Europa op SD-kaart");
INSERT INTO pack_items (Pack_id,items) VALUES (1014,"CD-lezer");
INSERT INTO pack_items (Pack_id,items) VALUES (1014,"Aux in, USB, SD");
INSERT INTO pack_items (Pack_id,items) VALUES (1014,"Bluetooth connectie (telefoon en audio)");
INSERT INTO pack_items (Pack_id,items) VALUES (1014,"Climatronic (3-zones)");
INSERT INTO pack_items (Pack_id,items) VALUES (1014,"Boordcomputer PREMIUM");
INSERT INTO car_pack (Car_id,packs_id) VALUES (1000,1000);
INSERT INTO car_pack (Car_id,packs_id) VALUES (1000,1010);
INSERT INTO car_pack (Car_id,packs_id) VALUES (1001,1001);
INSERT INTO car_pack (Car_id,packs_id) VALUES (1002,1002);
INSERT INTO car_pack (Car_id,packs_id) VALUES (1003,1004);
INSERT INTO car_pack (Car_id,packs_id) VALUES (1004,1004);
INSERT INTO car_pack (Car_id,packs_id) VALUES (1008,1009);
INSERT INTO car_pack (Car_id,packs_id) VALUES (1009,1000);
INSERT INTO car_pack (Car_id,packs_id) VALUES (1009,1010);
INSERT INTO car_pack (Car_id,packs_id) VALUES (1009,1011);
INSERT INTO car_pack (Car_id,packs_id) VALUES (1011,1013);
INSERT INTO car_pack (Car_id,packs_id) VALUES (1013,1013);
INSERT INTO car_pack (Car_id,packs_id) VALUES (1023,1000);
INSERT INTO car_pack (Car_id,packs_id) VALUES (1023,1010);
INSERT INTO car_pack (Car_id,packs_id) VALUES (1023,1011);
INSERT INTO car_pack (Car_id,packs_id) VALUES (1030,1011);
INSERT INTO car_pack (Car_id,packs_id) VALUES (1032,1011);
INSERT INTO car_pack (Car_id,packs_id) VALUES (1034,1011);
INSERT INTO car_pack (Car_id,packs_id) VALUES (1038,1011);
INSERT INTO car_pack (Car_id,packs_id) VALUES (1039,1011);
INSERT INTO car_pack (Car_id,packs_id) VALUES (1040,1011);
INSERT INTO car_pack (Car_id,packs_id) VALUES (1041,1011);
INSERT INTO car_pack (Car_id,packs_id) VALUES (1042,1011);
INSERT INTO employeecar (id,version,carStatus,mileage,licensePlate,selectedCar_id) VALUES (1000,1,"NOT_USED",160345,"2-WTM-825",1004);
INSERT INTO employeecar (id,version,carStatus,mileage,licensePlate,selectedCar_id) VALUES (1001,1,"NOT_USED",68600,"4-IOU-600",1001);
INSERT INTO employeecar (id,version,carStatus,mileage,licensePlate,selectedCar_id) VALUES (1002,1,"NOT_USED",98859,"4-QRT-608",1023);
INSERT INTO employeecar (id,version,carStatus,mileage,licensePlate,selectedCar_id) VALUES (1003,1,"NOT_USED",79087,"3-ZSK-015",1025);
INSERT INTO employeecar (id,version,carStatus,mileage,licensePlate,selectedCar_id) VALUES (1004,1,"NOT_USED",164069,"5-LBA-885",1016);
INSERT INTO employeecar (id,version,carStatus,mileage,licensePlate,selectedCar_id) VALUES (1005,1,"NOT_USED",57374,"8-AWN-880",1020);
INSERT INTO employeecar (id,version,carStatus,mileage,licensePlate,selectedCar_id) VALUES (1006,1,"NOT_USED",161575,"2-RSC-636",1024);
INSERT INTO employeecar (id,version,carStatus,mileage,licensePlate,selectedCar_id) VALUES (1007,1,"IN_USE",89543,"3-BGU-077",1026);
INSERT INTO employeecar (id,version,carStatus,mileage,licensePlate,selectedCar_id) VALUES (1008,1,"IN_USE",83745,"8-ZMM-303",1032);
INSERT INTO employeecar (id,version,carStatus,mileage,licensePlate,selectedCar_id) VALUES (1009,1,"IN_USE",29490,"3-UXS-988",1035);
INSERT INTO employeecar (id,version,carStatus,mileage,licensePlate,selectedCar_id) VALUES (1010,1,"IN_USE",23271,"3-LMD-487",1031);
INSERT INTO employeecar (id,version,carStatus,mileage,licensePlate,selectedCar_id) VALUES (1011,1,"IN_USE",91291,"7-OTU-647",1035);
INSERT INTO employeecar (id,version,carStatus,mileage,licensePlate,selectedCar_id) VALUES (1012,1,"NOT_USED",164095,"5-OJC-058",1033);
INSERT INTO employeecar (id,version,carStatus,mileage,licensePlate,selectedCar_id) VALUES (1013,1,"IN_USE",7097,"0-LIC-298",1035);
INSERT INTO employeecar (id,version,carStatus,mileage,licensePlate,selectedCar_id) VALUES (1014,1,"NOT_USED",164957,"1-XVK-577",1012);
INSERT INTO employeecar (id,version,carStatus,mileage,licensePlate,selectedCar_id) VALUES (1015,1,"IN_USE",88935,"1-WDC-195",1013);
INSERT INTO employeecar (id,version,carStatus,mileage,licensePlate,selectedCar_id) VALUES (1016,1,"IN_USE",30708,"0-DVX-807",1028);
INSERT INTO employeecar (id,version,carStatus,mileage,licensePlate,selectedCar_id) VALUES (1017,1,"IN_USE",160100,"9-WKH-991",1025);
INSERT INTO employeecar (id,version,carStatus,mileage,licensePlate,selectedCar_id) VALUES (1018,1,"NOT_USED",160805,"4-MTR-366",1026);
INSERT INTO employeecar (id,version,carStatus,mileage,licensePlate,selectedCar_id) VALUES (1019,1,"IN_USE",66266,"3-TRB-458",1027);
INSERT INTO employeecar (id,version,carStatus,mileage,licensePlate,selectedCar_id) VALUES (1020,1,"IN_USE",63345,"1-SLP-460",1031);
INSERT INTO employeecar (id,version,carStatus,mileage,licensePlate,selectedCar_id) VALUES (1021,1,"IN_USE",65979,"5-NLS-371",1032);
INSERT INTO employeecar (id,version,carStatus,mileage,licensePlate,selectedCar_id) VALUES (1022,1,"IN_USE",89940,"4-KFX-536",1028);
INSERT INTO employeecar (id,version,carStatus,mileage,licensePlate,selectedCar_id) VALUES (1023,1,"IN_USE",41268,"2-KNB-194",1025);
INSERT INTO employeecar (id,version,carStatus,mileage,licensePlate,selectedCar_id) VALUES (1024,1,"NOT_USED",163941,"1-DHE-277",1019);
INSERT INTO employeecar (id,version,carStatus,mileage,licensePlate,selectedCar_id) VALUES (1025,1,"IN_USE",31648,"1-FWJ-500",1019);
INSERT INTO employeecar (id,version,carStatus,mileage,licensePlate,selectedCar_id) VALUES (1026,1,"NOT_USED",160561,"9-WEO-279",1029);
INSERT INTO employeecar (id,version,carStatus,mileage,licensePlate,selectedCar_id) VALUES (1027,1,"IN_USE",47166,"2-QLI-138",1023);
INSERT INTO employeecar (id,version,carStatus,mileage,licensePlate,selectedCar_id) VALUES (1028,1,"NOT_USED",163842,"8-CMY-803",1016);
INSERT INTO employeecar (id,version,carStatus,mileage,licensePlate,selectedCar_id) VALUES (1029,1,"IN_USE",99210,"4-KGN-560",1019);
INSERT INTO employeecar (id,version,carStatus,mileage,licensePlate,selectedCar_id) VALUES (1030,1,"IN_USE",40229,"3-OVV-468",1030);
INSERT INTO employeecar (id,version,carStatus,mileage,licensePlate,selectedCar_id) VALUES (1031,1,"IN_USE",71764,"9-QCN-429",1035);
INSERT INTO employeecar (id,version,carStatus,mileage,licensePlate,selectedCar_id) VALUES (1032,1,"IN_USE",69204,"9-DYA-634",1018);
INSERT INTO employeecar (id,version,carStatus,mileage,licensePlate,selectedCar_id) VALUES (1033,1,"IN_USE",87213,"3-KGD-005",1016);
INSERT INTO employeecar (id,version,carStatus,mileage,licensePlate,selectedCar_id) VALUES (1034,1,"NOT_USED",162323,"6-DNC-213",1021);
INSERT INTO employeecar (id,version,carStatus,mileage,licensePlate,selectedCar_id) VALUES (1035,1,"IN_USE",84463,"0-YVJ-541",1021);
INSERT INTO employeecar (id,version,carStatus,mileage,licensePlate,selectedCar_id) VALUES (1036,1,"NOT_USED",162989,"7-XLG-300",1011);
INSERT INTO employeecar (id,version,carStatus,mileage,licensePlate,selectedCar_id) VALUES (1037,1,"IN_USE",87905,"2-RNT-943",1014);
INSERT INTO employeecar (id,version,carStatus,mileage,licensePlate,selectedCar_id) VALUES (1038,1,"IN_USE",76367,"8-IRV-646",1030);
INSERT INTO employeecar (id,version,carStatus,mileage,licensePlate,selectedCar_id) VALUES (1039,1,"IN_USE",19555,"2-ZAL-574",1032);
INSERT INTO employeecar (id,version,carStatus,mileage,licensePlate,selectedCar_id) VALUES (1040,1,"NOT_USED",161625,"3-NSD-434",1011);
INSERT INTO employeecar (id,version,carStatus,mileage,licensePlate,selectedCar_id) VALUES (1041,1,"IN_USE",83900,"6-IZD-618",1010);
INSERT INTO employeecar (id,version,carStatus,mileage,licensePlate,selectedCar_id) VALUES (1042,1,"NOT_USED",164053,"5-FTO-096",1015);
INSERT INTO employeecar (id,version,carStatus,mileage,licensePlate,selectedCar_id) VALUES (1043,1,"IN_USE",53347,"3-VIA-236",1015);
INSERT INTO employeecar (id,version,carStatus,mileage,licensePlate,selectedCar_id) VALUES (1044,1,"NOT_USED",160154,"6-UDX-211",1002);
INSERT INTO employeecar (id,version,carStatus,mileage,licensePlate,selectedCar_id) VALUES (1045,1,"IN_USE",95973,"7-KCP-398",1002);
INSERT INTO employeecar (id,version,carStatus,mileage,licensePlate,selectedCar_id) VALUES (1046,1,"IN_USE",95850,"1-IBW-917",1034);
INSERT INTO employeecar (id,version,carStatus,mileage,licensePlate,selectedCar_id) VALUES (1047,1,"IN_USE",91283,"3-YGM-271",1036);
INSERT INTO employeecar (id,version,carStatus,mileage,licensePlate,selectedCar_id) VALUES (1048,1,"IN_USE",53756,"1-QQC-561",1034);
INSERT INTO employeecar (id,version,carStatus,mileage,licensePlate,selectedCar_id) VALUES (1049,1,"IN_USE",68249,"1-GUZ-814",1034);
INSERT INTO employeecar (id,version,carStatus,mileage,licensePlate,selectedCar_id) VALUES (1050,1,"NOT_USED",162963,"7-BBP-476",1030);
INSERT INTO employeecar (id,version,carStatus,mileage,licensePlate,selectedCar_id) VALUES (1051,1,"IN_USE",98528,"5-CZU-290",1030);
INSERT INTO employeecar (id,version,carStatus,mileage,licensePlate,selectedCar_id) VALUES (1052,1,"IN_USE",42467,"4-LZF-527",1023);
INSERT INTO employeecar (id,version,carStatus,mileage,licensePlate,selectedCar_id) VALUES (1053,1,"IN_USE",103441,"9-KUO-527",1027);
INSERT INTO employeecar (id,version,carStatus,mileage,licensePlate,selectedCar_id) VALUES (1054,1,"NOT_USED",160090,"7-NZI-080",1027);
INSERT INTO employeecar (id,version,carStatus,mileage,licensePlate,selectedCar_id) VALUES (1055,1,"IN_USE",66917,"4-HNO-617",1028);
INSERT INTO employeecar (id,version,carStatus,mileage,licensePlate,selectedCar_id) VALUES (1056,1,"NOT_USED",160725,"4-SXP-703",1018);
INSERT INTO employeecar (id,version,carStatus,mileage,licensePlate,selectedCar_id) VALUES (1057,1,"IN_USE",96028,"0-EMZ-850",1021);
INSERT INTO employeecar (id,version,carStatus,mileage,licensePlate,selectedCar_id) VALUES (1058,1,"NOT_USED",161589,"7-WLL-593",1018);
INSERT INTO employeecar (id,version,carStatus,mileage,licensePlate,selectedCar_id) VALUES (1059,1,"IN_USE",17892,"6-HQZ-113",1017);
INSERT INTO employeecar (id,version,carStatus,mileage,licensePlate,selectedCar_id) VALUES (1060,1,"NOT_USED",163065,"3-KCR-072",1005);
INSERT INTO employeecar (id,version,carStatus,mileage,licensePlate,selectedCar_id) VALUES (1061,1,"IN_USE",70430,"9-FJW-918",1002);
INSERT INTO employeecar (id,version,carStatus,mileage,licensePlate,selectedCar_id) VALUES (1062,1,"NOT_USED",164890,"2-XEK-450",1032);
INSERT INTO employeecar (id,version,carStatus,mileage,licensePlate,selectedCar_id) VALUES (1063,1,"IN_USE",53489,"5-XUH-238",1034);
INSERT INTO employeecar (id,version,carStatus,mileage,licensePlate,selectedCar_id) VALUES (1064,1,"IN_USE",6945,"1-AUA-769",1004);
INSERT INTO employeecar (id,version,carStatus,mileage,licensePlate,selectedCar_id) VALUES (1065,1,"IN_USE",28431,"4-BJW-481",1006);
INSERT INTO employeecar (id,version,carStatus,mileage,licensePlate,selectedCar_id) VALUES (1066,1,"IN_USE",92062,"5-JHR-233",1010);
INSERT INTO employeecar (id,version,carStatus,mileage,licensePlate,selectedCar_id) VALUES (1067,1,"IN_USE",46877,"7-NVY-191",1009);
INSERT INTO employeecar (id,version,carStatus,mileage,licensePlate,selectedCar_id) VALUES (1068,1,"NOT_USED",160651,"3-DJT-969",1029);
INSERT INTO employeecar (id,version,carStatus,mileage,licensePlate,selectedCar_id) VALUES (1069,1,"IN_USE",20295,"2-IKF-578",1028);
INSERT INTO employeecar (id,version,carStatus,mileage,licensePlate,selectedCar_id) VALUES (1070,1,"NOT_USED",161616,"7-FRX-819",1005);
INSERT INTO employeecar (id,version,carStatus,mileage,licensePlate,selectedCar_id) VALUES (1071,1,"IN_USE",83743,"7-VWH-419",1000);
INSERT INTO employeecar (id,version,carStatus,mileage,licensePlate,selectedCar_id) VALUES (1072,1,"IN_USE",11325,"2-HUU-703",1032);
INSERT INTO employeecar (id,version,carStatus,mileage,licensePlate,selectedCar_id) VALUES (1073,1,"IN_USE",60291,"9-IIH-827",1032);
INSERT INTO employeecar (id,version,carStatus,mileage,licensePlate,selectedCar_id) VALUES (1074,1,"IN_USE",101476,"7-LEV-540",1005);
INSERT INTO employeecar (id,version,carStatus,mileage,licensePlate,selectedCar_id) VALUES (1075,1,"IN_USE",39247,"8-GJZ-008",1003);
INSERT INTO employeecar (id,version,carStatus,mileage,licensePlate,selectedCar_id) VALUES (1076,1,"NOT_USED",162422,"6-ISV-126",1001);
INSERT INTO employeecar (id,version,carStatus,mileage,licensePlate,selectedCar_id) VALUES (1077,1,"IN_USE",71009,"1-JPT-474",1001);
INSERT INTO employeecar (id,version,carStatus,mileage,licensePlate,selectedCar_id) VALUES (1078,1,"IN_USE",104826,"9-DTL-545",1035);
INSERT INTO employeecar (id,version,carStatus,mileage,licensePlate,selectedCar_id) VALUES (1079,1,"IN_USE",75881,"4-FRD-779",1033);
INSERT INTO employeecar (id,version,carStatus,mileage,licensePlate,selectedCar_id) VALUES (1080,1,"IN_USE",22520,"3-UWA-521",1002);
INSERT INTO employeecar (id,version,carStatus,mileage,licensePlate,selectedCar_id) VALUES (1081,1,"IN_USE",19147,"1-EWI-778",1000);
INSERT INTO employeecar (id,version,carStatus,mileage,licensePlate,selectedCar_id) VALUES (1082,1,"IN_USE",99339,"1-ABE-469",1005);
INSERT INTO employeecar (id,version,carStatus,mileage,licensePlate,selectedCar_id) VALUES (1083,1,"IN_USE",78876,"3-BKH-729",1001);
INSERT INTO employeecar (id,version,carStatus,mileage,licensePlate,selectedCar_id) VALUES (1084,1,"NOT_USED",161938,"4-VFF-675",1021);
INSERT INTO employeecar (id,version,carStatus,mileage,licensePlate,selectedCar_id) VALUES (1085,1,"IN_USE",35295,"8-QGG-275",1019);
INSERT INTO employeecar (id,version,carStatus,mileage,licensePlate,selectedCar_id) VALUES (1086,1,"NOT_USED",160550,"9-VJD-735",1015);
INSERT INTO employeecar (id,version,carStatus,mileage,licensePlate,selectedCar_id) VALUES (1087,1,"IN_USE",32456,"5-SBF-135",1019);
INSERT INTO employeecar (id,version,carStatus,mileage,licensePlate,selectedCar_id) VALUES (1088,1,"IN_USE",10493,"9-ZCT-073",1019);
INSERT INTO employeecar (id,version,carStatus,mileage,licensePlate,selectedCar_id) VALUES (1089,1,"IN_USE",29268,"7-OIG-095",1021);
INSERT INTO employeecar (id,version,carStatus,mileage,licensePlate,selectedCar_id) VALUES (1090,1,"NOT_USED",160496,"7-LJV-904",1019);
INSERT INTO employeecar (id,version,carStatus,mileage,licensePlate,selectedCar_id) VALUES (1091,1,"IN_USE",72076,"1-ITS-635",1015);
INSERT INTO employeecar (id,version,carStatus,mileage,licensePlate,selectedCar_id) VALUES (1092,1,"IN_USE",79412,"1-IKI-608",1005);
INSERT INTO employeecar (id,version,carStatus,mileage,licensePlate,selectedCar_id) VALUES (1093,1,"IN_USE",87108,"2-GWL-867",1005);
INSERT INTO employeecar (id,version,carStatus,mileage,licensePlate,selectedCar_id) VALUES (1094,1,"IN_USE",10416,"7-WRJ-711",1027);
INSERT INTO employeecar (id,version,carStatus,mileage,licensePlate,selectedCar_id) VALUES (1095,1,"IN_USE",30426,"6-LVL-246",1028);
INSERT INTO employeecar (id,version,carStatus,mileage,licensePlate,selectedCar_id) VALUES (1096,1,"NOT_USED",162508,"7-CLS-704",1002);
INSERT INTO employeecar (id,version,carStatus,mileage,licensePlate,selectedCar_id) VALUES (1097,1,"IN_USE",48419,"4-GKW-274",1007);
INSERT INTO employeecar (id,version,carStatus,mileage,licensePlate,selectedCar_id) VALUES (1098,1,"NOT_USED",164023,"0-ICN-221",1019);
INSERT INTO employeecar (id,version,carStatus,mileage,licensePlate,selectedCar_id) VALUES (1099,1,"IN_USE",45270,"4-NEL-646",1018);
INSERT INTO employeecar_caroption (EmployeeCar_id,carOptions_id) VALUES (1000,1001);
INSERT INTO employeecar_caroption (EmployeeCar_id,carOptions_id) VALUES (1000,1005);
INSERT INTO employeecar_caroption (EmployeeCar_id,carOptions_id) VALUES (1001,1006);
INSERT INTO employeecar_caroption (EmployeeCar_id,carOptions_id) VALUES (1001,1007);
INSERT INTO employeecar_caroption (EmployeeCar_id,carOptions_id) VALUES (1002,1002);
INSERT INTO employeecar_caroption (EmployeeCar_id,carOptions_id) VALUES (1002,1010);
INSERT INTO employeecar_caroption (EmployeeCar_id,carOptions_id) VALUES (1003,1003);
INSERT INTO employeecar_caroption (EmployeeCar_id,carOptions_id) VALUES (1003,1006);
INSERT INTO employeecar_caroption (EmployeeCar_id,carOptions_id) VALUES (1004,1002);
INSERT INTO employeecar_caroption (EmployeeCar_id,carOptions_id) VALUES (1004,1004);
INSERT INTO employeecar_caroption (EmployeeCar_id,carOptions_id) VALUES (1004,1009);
INSERT INTO employeecar_caroption (EmployeeCar_id,carOptions_id) VALUES (1005,1000);
INSERT INTO employeecar_caroption (EmployeeCar_id,carOptions_id) VALUES (1005,1003);
INSERT INTO employeecar_caroption (EmployeeCar_id,carOptions_id) VALUES (1005,1006);
INSERT INTO employeecar_caroption (EmployeeCar_id,carOptions_id) VALUES (1006,1008);
INSERT INTO employeecar_caroption (EmployeeCar_id,carOptions_id) VALUES (1007,1002);
INSERT INTO employeecar_caroption (EmployeeCar_id,carOptions_id) VALUES (1007,1010);
INSERT INTO employeecar_caroption (EmployeeCar_id,carOptions_id) VALUES (1008,1000);
INSERT INTO employeecar_caroption (EmployeeCar_id,carOptions_id) VALUES (1008,1007);
INSERT INTO employeecar_caroption (EmployeeCar_id,carOptions_id) VALUES (1009,1003);
INSERT INTO employeecar_caroption (EmployeeCar_id,carOptions_id) VALUES (1010,1001);
INSERT INTO employeecar_caroption (EmployeeCar_id,carOptions_id) VALUES (1010,1009);
INSERT INTO employeecar_caroption (EmployeeCar_id,carOptions_id) VALUES (1011,1001);
INSERT INTO employeecar_caroption (EmployeeCar_id,carOptions_id) VALUES (1011,1006);
INSERT INTO employeecar_caroption (EmployeeCar_id,carOptions_id) VALUES (1012,1004);
INSERT INTO employeecar_caroption (EmployeeCar_id,carOptions_id) VALUES (1012,1009);
INSERT INTO employeecar_caroption (EmployeeCar_id,carOptions_id) VALUES (1013,1003);
INSERT INTO employeecar_caroption (EmployeeCar_id,carOptions_id) VALUES (1014,1002);
INSERT INTO employeecar_caroption (EmployeeCar_id,carOptions_id) VALUES (1014,1006);
INSERT INTO employeecar_caroption (EmployeeCar_id,carOptions_id) VALUES (1014,1007);
INSERT INTO employeecar_caroption (EmployeeCar_id,carOptions_id) VALUES (1015,1000);
INSERT INTO employeecar_caroption (EmployeeCar_id,carOptions_id) VALUES (1015,1004);
INSERT INTO employeecar_caroption (EmployeeCar_id,carOptions_id) VALUES (1016,1000);
INSERT INTO employeecar_caroption (EmployeeCar_id,carOptions_id) VALUES (1016,1003);
INSERT INTO employeecar_caroption (EmployeeCar_id,carOptions_id) VALUES (1016,1005);
INSERT INTO employeecar_caroption (EmployeeCar_id,carOptions_id) VALUES (1017,1005);
INSERT INTO employeecar_caroption (EmployeeCar_id,carOptions_id) VALUES (1018,1005);
INSERT INTO employeecar_caroption (EmployeeCar_id,carOptions_id) VALUES (1018,1008);
INSERT INTO employeecar_caroption (EmployeeCar_id,carOptions_id) VALUES (1019,1007);
INSERT INTO employeecar_caroption (EmployeeCar_id,carOptions_id) VALUES (1019,1009);
INSERT INTO employeecar_caroption (EmployeeCar_id,carOptions_id) VALUES (1020,1010);
INSERT INTO employeecar_caroption (EmployeeCar_id,carOptions_id) VALUES (1021,1000);
INSERT INTO employeecar_caroption (EmployeeCar_id,carOptions_id) VALUES (1021,1001);
INSERT INTO employeecar_caroption (EmployeeCar_id,carOptions_id) VALUES (1021,1007);
INSERT INTO employeecar_caroption (EmployeeCar_id,carOptions_id) VALUES (1022,1004);
INSERT INTO employeecar_caroption (EmployeeCar_id,carOptions_id) VALUES (1022,1008);
INSERT INTO employeecar_caroption (EmployeeCar_id,carOptions_id) VALUES (1023,1003);
INSERT INTO employeecar_caroption (EmployeeCar_id,carOptions_id) VALUES (1023,1004);
INSERT INTO employeecar_caroption (EmployeeCar_id,carOptions_id) VALUES (1023,1009);
INSERT INTO employeecar_caroption (EmployeeCar_id,carOptions_id) VALUES (1024,1000);
INSERT INTO employeecar_caroption (EmployeeCar_id,carOptions_id) VALUES (1024,1006);
INSERT INTO employeecar_caroption (EmployeeCar_id,carOptions_id) VALUES (1025,1002);
INSERT INTO employeecar_caroption (EmployeeCar_id,carOptions_id) VALUES (1025,1005);
INSERT INTO employeecar_caroption (EmployeeCar_id,carOptions_id) VALUES (1025,1010);
INSERT INTO employeecar_caroption (EmployeeCar_id,carOptions_id) VALUES (1026,1002);
INSERT INTO employeecar_caroption (EmployeeCar_id,carOptions_id) VALUES (1026,1007);
INSERT INTO employeecar_caroption (EmployeeCar_id,carOptions_id) VALUES (1026,1009);
INSERT INTO employeecar_caroption (EmployeeCar_id,carOptions_id) VALUES (1027,1005);
INSERT INTO employeecar_caroption (EmployeeCar_id,carOptions_id) VALUES (1028,1003);
INSERT INTO employeecar_caroption (EmployeeCar_id,carOptions_id) VALUES (1029,1003);
INSERT INTO employeecar_caroption (EmployeeCar_id,carOptions_id) VALUES (1029,1005);
INSERT INTO employeecar_caroption (EmployeeCar_id,carOptions_id) VALUES (1029,1008);
INSERT INTO employeecar_caroption (EmployeeCar_id,carOptions_id) VALUES (1030,1003);
INSERT INTO employeecar_caroption (EmployeeCar_id,carOptions_id) VALUES (1030,1007);
INSERT INTO employeecar_caroption (EmployeeCar_id,carOptions_id) VALUES (1031,1000);
INSERT INTO employeecar_caroption (EmployeeCar_id,carOptions_id) VALUES (1031,1001);
INSERT INTO employeecar_caroption (EmployeeCar_id,carOptions_id) VALUES (1031,1003);
INSERT INTO employeecar_caroption (EmployeeCar_id,carOptions_id) VALUES (1032,1005);
INSERT INTO employeecar_caroption (EmployeeCar_id,carOptions_id) VALUES (1032,1006);
INSERT INTO employeecar_caroption (EmployeeCar_id,carOptions_id) VALUES (1032,1008);
INSERT INTO employeecar_caroption (EmployeeCar_id,carOptions_id) VALUES (1033,1007);
INSERT INTO employeecar_caroption (EmployeeCar_id,carOptions_id) VALUES (1034,1000);
INSERT INTO employeecar_caroption (EmployeeCar_id,carOptions_id) VALUES (1034,1006);
INSERT INTO employeecar_caroption (EmployeeCar_id,carOptions_id) VALUES (1034,1007);
INSERT INTO employeecar_caroption (EmployeeCar_id,carOptions_id) VALUES (1035,1007);
INSERT INTO employeecar_caroption (EmployeeCar_id,carOptions_id) VALUES (1035,1008);
INSERT INTO employeecar_caroption (EmployeeCar_id,carOptions_id) VALUES (1035,1009);
INSERT INTO employeecar_caroption (EmployeeCar_id,carOptions_id) VALUES (1036,1003);
INSERT INTO employeecar_caroption (EmployeeCar_id,carOptions_id) VALUES (1036,1006);
INSERT INTO employeecar_caroption (EmployeeCar_id,carOptions_id) VALUES (1037,1001);
INSERT INTO employeecar_caroption (EmployeeCar_id,carOptions_id) VALUES (1037,1008);
INSERT INTO employeecar_caroption (EmployeeCar_id,carOptions_id) VALUES (1037,1009);
INSERT INTO employeecar_caroption (EmployeeCar_id,carOptions_id) VALUES (1038,1006);
INSERT INTO employeecar_caroption (EmployeeCar_id,carOptions_id) VALUES (1038,1009);
INSERT INTO employeecar_caroption (EmployeeCar_id,carOptions_id) VALUES (1039,1003);
INSERT INTO employeecar_caroption (EmployeeCar_id,carOptions_id) VALUES (1039,1008);
INSERT INTO employeecar_caroption (EmployeeCar_id,carOptions_id) VALUES (1039,1010);
INSERT INTO employeecar_caroption (EmployeeCar_id,carOptions_id) VALUES (1040,1010);
INSERT INTO employeecar_caroption (EmployeeCar_id,carOptions_id) VALUES (1041,1006);
INSERT INTO employeecar_caroption (EmployeeCar_id,carOptions_id) VALUES (1041,1008);
INSERT INTO employeecar_caroption (EmployeeCar_id,carOptions_id) VALUES (1042,1000);
INSERT INTO employeecar_caroption (EmployeeCar_id,carOptions_id) VALUES (1042,1004);
INSERT INTO employeecar_caroption (EmployeeCar_id,carOptions_id) VALUES (1042,1006);
INSERT INTO employeecar_caroption (EmployeeCar_id,carOptions_id) VALUES (1043,1000);
INSERT INTO employeecar_caroption (EmployeeCar_id,carOptions_id) VALUES (1043,1010);
INSERT INTO employeecar_caroption (EmployeeCar_id,carOptions_id) VALUES (1044,1006);
INSERT INTO employeecar_caroption (EmployeeCar_id,carOptions_id) VALUES (1044,1007);
INSERT INTO employeecar_caroption (EmployeeCar_id,carOptions_id) VALUES (1045,1002);
INSERT INTO employeecar_caroption (EmployeeCar_id,carOptions_id) VALUES (1045,1003);
INSERT INTO employeecar_caroption (EmployeeCar_id,carOptions_id) VALUES (1046,1004);
INSERT INTO employeecar_caroption (EmployeeCar_id,carOptions_id) VALUES (1046,1006);
INSERT INTO employeecar_caroption (EmployeeCar_id,carOptions_id) VALUES (1046,1008);
INSERT INTO employeecar_caroption (EmployeeCar_id,carOptions_id) VALUES (1047,1009);
INSERT INTO employeecar_caroption (EmployeeCar_id,carOptions_id) VALUES (1048,1002);
INSERT INTO employeecar_caroption (EmployeeCar_id,carOptions_id) VALUES (1048,1010);
INSERT INTO employeecar_caroption (EmployeeCar_id,carOptions_id) VALUES (1049,1000);
INSERT INTO employeecar_caroption (EmployeeCar_id,carOptions_id) VALUES (1049,1002);
INSERT INTO employeecar_caroption (EmployeeCar_id,carOptions_id) VALUES (1050,1001);
INSERT INTO employeecar_caroption (EmployeeCar_id,carOptions_id) VALUES (1051,1005);
INSERT INTO employeecar_caroption (EmployeeCar_id,carOptions_id) VALUES (1051,1009);
INSERT INTO employeecar_caroption (EmployeeCar_id,carOptions_id) VALUES (1051,1010);
INSERT INTO employeecar_caroption (EmployeeCar_id,carOptions_id) VALUES (1052,1004);
INSERT INTO employeecar_caroption (EmployeeCar_id,carOptions_id) VALUES (1053,1002);
INSERT INTO employeecar_caroption (EmployeeCar_id,carOptions_id) VALUES (1054,1007);
INSERT INTO employeecar_caroption (EmployeeCar_id,carOptions_id) VALUES (1055,1009);
INSERT INTO employeecar_caroption (EmployeeCar_id,carOptions_id) VALUES (1056,1001);
INSERT INTO employeecar_caroption (EmployeeCar_id,carOptions_id) VALUES (1056,1008);
INSERT INTO employeecar_caroption (EmployeeCar_id,carOptions_id) VALUES (1057,1002);
INSERT INTO employeecar_caroption (EmployeeCar_id,carOptions_id) VALUES (1057,1007);
INSERT INTO employeecar_caroption (EmployeeCar_id,carOptions_id) VALUES (1058,1004);
INSERT INTO employeecar_caroption (EmployeeCar_id,carOptions_id) VALUES (1058,1005);
INSERT INTO employeecar_caroption (EmployeeCar_id,carOptions_id) VALUES (1059,1004);
INSERT INTO employeecar_caroption (EmployeeCar_id,carOptions_id) VALUES (1060,1003);
INSERT INTO employeecar_caroption (EmployeeCar_id,carOptions_id) VALUES (1060,1007);
INSERT INTO employeecar_caroption (EmployeeCar_id,carOptions_id) VALUES (1060,1010);
INSERT INTO employeecar_caroption (EmployeeCar_id,carOptions_id) VALUES (1061,1010);
INSERT INTO employeecar_caroption (EmployeeCar_id,carOptions_id) VALUES (1062,1002);
INSERT INTO employeecar_caroption (EmployeeCar_id,carOptions_id) VALUES (1062,1005);
INSERT INTO employeecar_caroption (EmployeeCar_id,carOptions_id) VALUES (1062,1006);
INSERT INTO employeecar_caroption (EmployeeCar_id,carOptions_id) VALUES (1063,1008);
INSERT INTO employeecar_caroption (EmployeeCar_id,carOptions_id) VALUES (1064,1008);
INSERT INTO employeecar_caroption (EmployeeCar_id,carOptions_id) VALUES (1064,1009);
INSERT INTO employeecar_caroption (EmployeeCar_id,carOptions_id) VALUES (1065,1003);
INSERT INTO employeecar_caroption (EmployeeCar_id,carOptions_id) VALUES (1065,1007);
INSERT INTO employeecar_caroption (EmployeeCar_id,carOptions_id) VALUES (1065,1009);
INSERT INTO employeecar_caroption (EmployeeCar_id,carOptions_id) VALUES (1066,1003);
INSERT INTO employeecar_caroption (EmployeeCar_id,carOptions_id) VALUES (1067,1006);
INSERT INTO employeecar_caroption (EmployeeCar_id,carOptions_id) VALUES (1068,1005);
INSERT INTO employeecar_caroption (EmployeeCar_id,carOptions_id) VALUES (1068,1007);
INSERT INTO employeecar_caroption (EmployeeCar_id,carOptions_id) VALUES (1068,1010);
INSERT INTO employeecar_caroption (EmployeeCar_id,carOptions_id) VALUES (1069,1002);
INSERT INTO employeecar_caroption (EmployeeCar_id,carOptions_id) VALUES (1069,1003);
INSERT INTO employeecar_caroption (EmployeeCar_id,carOptions_id) VALUES (1069,1007);
INSERT INTO employeecar_caroption (EmployeeCar_id,carOptions_id) VALUES (1070,1002);
INSERT INTO employeecar_caroption (EmployeeCar_id,carOptions_id) VALUES (1070,1007);
INSERT INTO employeecar_caroption (EmployeeCar_id,carOptions_id) VALUES (1070,1009);
INSERT INTO employeecar_caroption (EmployeeCar_id,carOptions_id) VALUES (1071,1002);
INSERT INTO employeecar_caroption (EmployeeCar_id,carOptions_id) VALUES (1071,1005);
INSERT INTO employeecar_caroption (EmployeeCar_id,carOptions_id) VALUES (1072,1000);
INSERT INTO employeecar_caroption (EmployeeCar_id,carOptions_id) VALUES (1072,1009);
INSERT INTO employeecar_caroption (EmployeeCar_id,carOptions_id) VALUES (1072,1010);
INSERT INTO employeecar_caroption (EmployeeCar_id,carOptions_id) VALUES (1073,1001);
INSERT INTO employeecar_caroption (EmployeeCar_id,carOptions_id) VALUES (1073,1003);
INSERT INTO employeecar_caroption (EmployeeCar_id,carOptions_id) VALUES (1073,1010);
INSERT INTO employeecar_caroption (EmployeeCar_id,carOptions_id) VALUES (1074,1005);
INSERT INTO employeecar_caroption (EmployeeCar_id,carOptions_id) VALUES (1075,1003);
INSERT INTO employeecar_caroption (EmployeeCar_id,carOptions_id) VALUES (1075,1009);
INSERT INTO employeecar_caroption (EmployeeCar_id,carOptions_id) VALUES (1076,1002);
INSERT INTO employeecar_caroption (EmployeeCar_id,carOptions_id) VALUES (1076,1003);
INSERT INTO employeecar_caroption (EmployeeCar_id,carOptions_id) VALUES (1076,1006);
INSERT INTO employeecar_caroption (EmployeeCar_id,carOptions_id) VALUES (1077,1009);
INSERT INTO employeecar_caroption (EmployeeCar_id,carOptions_id) VALUES (1077,1010);
INSERT INTO employeecar_caroption (EmployeeCar_id,carOptions_id) VALUES (1078,1006);
INSERT INTO employeecar_caroption (EmployeeCar_id,carOptions_id) VALUES (1079,1000);
INSERT INTO employeecar_caroption (EmployeeCar_id,carOptions_id) VALUES (1079,1004);
INSERT INTO employeecar_caroption (EmployeeCar_id,carOptions_id) VALUES (1080,1002);
INSERT INTO employeecar_caroption (EmployeeCar_id,carOptions_id) VALUES (1081,1001);
INSERT INTO employeecar_caroption (EmployeeCar_id,carOptions_id) VALUES (1081,1008);
INSERT INTO employeecar_caroption (EmployeeCar_id,carOptions_id) VALUES (1082,1008);
INSERT INTO employeecar_caroption (EmployeeCar_id,carOptions_id) VALUES (1083,1003);
INSERT INTO employeecar_caroption (EmployeeCar_id,carOptions_id) VALUES (1083,1008);
INSERT INTO employeecar_caroption (EmployeeCar_id,carOptions_id) VALUES (1084,1004);
INSERT INTO employeecar_caroption (EmployeeCar_id,carOptions_id) VALUES (1084,1005);
INSERT INTO employeecar_caroption (EmployeeCar_id,carOptions_id) VALUES (1084,1008);
INSERT INTO employeecar_caroption (EmployeeCar_id,carOptions_id) VALUES (1085,1002);
INSERT INTO employeecar_caroption (EmployeeCar_id,carOptions_id) VALUES (1085,1007);
INSERT INTO employeecar_caroption (EmployeeCar_id,carOptions_id) VALUES (1086,1001);
INSERT INTO employeecar_caroption (EmployeeCar_id,carOptions_id) VALUES (1086,1004);
INSERT INTO employeecar_caroption (EmployeeCar_id,carOptions_id) VALUES (1086,1008);
INSERT INTO employeecar_caroption (EmployeeCar_id,carOptions_id) VALUES (1087,1000);
INSERT INTO employeecar_caroption (EmployeeCar_id,carOptions_id) VALUES (1088,1003);
INSERT INTO employeecar_caroption (EmployeeCar_id,carOptions_id) VALUES (1088,1006);
INSERT INTO employeecar_caroption (EmployeeCar_id,carOptions_id) VALUES (1088,1010);
INSERT INTO employeecar_caroption (EmployeeCar_id,carOptions_id) VALUES (1089,1005);
INSERT INTO employeecar_caroption (EmployeeCar_id,carOptions_id) VALUES (1090,1000);
INSERT INTO employeecar_caroption (EmployeeCar_id,carOptions_id) VALUES (1090,1004);
INSERT INTO employeecar_caroption (EmployeeCar_id,carOptions_id) VALUES (1090,1009);
INSERT INTO employeecar_caroption (EmployeeCar_id,carOptions_id) VALUES (1091,1003);
INSERT INTO employeecar_caroption (EmployeeCar_id,carOptions_id) VALUES (1092,1003);
INSERT INTO employeecar_caroption (EmployeeCar_id,carOptions_id) VALUES (1092,1005);
INSERT INTO employeecar_caroption (EmployeeCar_id,carOptions_id) VALUES (1093,1004);
INSERT INTO employeecar_caroption (EmployeeCar_id,carOptions_id) VALUES (1094,1005);
INSERT INTO employeecar_caroption (EmployeeCar_id,carOptions_id) VALUES (1094,1010);
INSERT INTO employeecar_caroption (EmployeeCar_id,carOptions_id) VALUES (1095,1001);
INSERT INTO employeecar_caroption (EmployeeCar_id,carOptions_id) VALUES (1096,1010);
INSERT INTO employeecar_caroption (EmployeeCar_id,carOptions_id) VALUES (1097,1004);
INSERT INTO employeecar_caroption (EmployeeCar_id,carOptions_id) VALUES (1097,1008);
INSERT INTO employeecar_caroption (EmployeeCar_id,carOptions_id) VALUES (1097,1010);
INSERT INTO employeecar_caroption (EmployeeCar_id,carOptions_id) VALUES (1098,1001);
INSERT INTO employeecar_caroption (EmployeeCar_id,carOptions_id) VALUES (1098,1003);
INSERT INTO employeecar_caroption (EmployeeCar_id,carOptions_id) VALUES (1099,1001);
INSERT INTO employeecar_caroption (EmployeeCar_id,carOptions_id) VALUES (1099,1005);
INSERT INTO employeecar_caroption (EmployeeCar_id,carOptions_id) VALUES (1099,1008);
INSERT INTO carorder (id,version,amountPaidByEmployee,amountPaidByCompany,dateOrdered,dateReceived,orderedCar_id) VALUES (1000,1,6335.81,19007.42,"2010-04-12","2010-07-12",1000);
INSERT INTO carorder (id,version,amountPaidByEmployee,amountPaidByCompany,dateOrdered,dateReceived,orderedCar_id) VALUES (1001,1,4986.37,14959.11,"2013-04-16","2013-07-16",1001);
INSERT INTO carorder (id,version,amountPaidByEmployee,amountPaidByCompany,dateOrdered,dateReceived,orderedCar_id) VALUES (1002,1,7079.05,21237.14,"2010-04-05","2010-07-05",1002);
INSERT INTO carorder (id,version,amountPaidByEmployee,amountPaidByCompany,dateOrdered,dateReceived,orderedCar_id) VALUES (1003,1,8636.94,25910.81,"2014-04-08","2014-07-08",1003);
INSERT INTO carorder (id,version,amountPaidByEmployee,amountPaidByCompany,dateOrdered,dateReceived,orderedCar_id) VALUES (1004,1,7008.68,21026.03,"2010-03-12","2010-06-12",1004);
INSERT INTO carorder (id,version,amountPaidByEmployee,amountPaidByCompany,dateOrdered,dateReceived,orderedCar_id) VALUES (1005,1,7377.87,22133.62,"2013-05-19","2013-08-19",1005);
INSERT INTO carorder (id,version,amountPaidByEmployee,amountPaidByCompany,dateOrdered,dateReceived,orderedCar_id) VALUES (1006,1,7736.40,23209.21,"2010-01-10","2010-04-10",1006);
INSERT INTO carorder (id,version,amountPaidByEmployee,amountPaidByCompany,dateOrdered,dateReceived,orderedCar_id) VALUES (1007,1,7780.62,23341.85,"2013-02-13","2013-05-13",1007);
INSERT INTO carorder (id,version,amountPaidByEmployee,amountPaidByCompany,dateOrdered,dateReceived,orderedCar_id) VALUES (1008,1,9042.60,27127.79,"2010-04-13","2010-07-13",1008);
INSERT INTO carorder (id,version,amountPaidByEmployee,amountPaidByCompany,dateOrdered,dateReceived,orderedCar_id) VALUES (1009,1,8816.27,26448.82,"2014-05-17","2014-08-17",1009);
INSERT INTO carorder (id,version,amountPaidByEmployee,amountPaidByCompany,dateOrdered,dateReceived,orderedCar_id) VALUES (1010,1,8434.90,25304.70,"2010-05-15","2010-08-15",1010);
INSERT INTO carorder (id,version,amountPaidByEmployee,amountPaidByCompany,dateOrdered,dateReceived,orderedCar_id) VALUES (1011,1,8816.27,26448.82,"2014-06-16","2014-09-16",1011);
INSERT INTO carorder (id,version,amountPaidByEmployee,amountPaidByCompany,dateOrdered,dateReceived,orderedCar_id) VALUES (1012,1,9777.13,29331.38,"2010-03-09","2010-06-09",1012);
INSERT INTO carorder (id,version,amountPaidByEmployee,amountPaidByCompany,dateOrdered,dateReceived,orderedCar_id) VALUES (1013,1,8816.27,26448.82,"2013-05-15","2013-08-15",1013);
INSERT INTO carorder (id,version,amountPaidByEmployee,amountPaidByCompany,dateOrdered,dateReceived,orderedCar_id) VALUES (1014,1,7721.86,23165.58,"2010-03-08","2010-06-08",1014);
INSERT INTO carorder (id,version,amountPaidByEmployee,amountPaidByCompany,dateOrdered,dateReceived,orderedCar_id) VALUES (1015,1,6963.47,20890.42,"2013-03-13","2013-06-13",1015);
INSERT INTO carorder (id,version,amountPaidByEmployee,amountPaidByCompany,dateOrdered,dateReceived,orderedCar_id) VALUES (1016,1,7542.31,22626.92,"2010-01-11","2010-04-11",1016);
INSERT INTO carorder (id,version,amountPaidByEmployee,amountPaidByCompany,dateOrdered,dateReceived,orderedCar_id) VALUES (1017,1,8636.94,25910.81,"2014-03-16","2014-06-16",1017);
INSERT INTO carorder (id,version,amountPaidByEmployee,amountPaidByCompany,dateOrdered,dateReceived,orderedCar_id) VALUES (1018,1,7780.62,23341.85,"2010-02-06","2010-05-06",1018);
INSERT INTO carorder (id,version,amountPaidByEmployee,amountPaidByCompany,dateOrdered,dateReceived,orderedCar_id) VALUES (1019,1,8796.87,26390.62,"2013-02-08","2013-05-08",1019);
INSERT INTO carorder (id,version,amountPaidByEmployee,amountPaidByCompany,dateOrdered,dateReceived,orderedCar_id) VALUES (1020,1,8434.90,25304.70,"2010-03-08","2010-06-08",1020);
INSERT INTO carorder (id,version,amountPaidByEmployee,amountPaidByCompany,dateOrdered,dateReceived,orderedCar_id) VALUES (1021,1,9042.60,27127.79,"2014-04-10","2014-07-10",1021);
INSERT INTO carorder (id,version,amountPaidByEmployee,amountPaidByCompany,dateOrdered,dateReceived,orderedCar_id) VALUES (1022,1,7542.31,22626.92,"2010-05-10","2010-08-10",1022);
INSERT INTO carorder (id,version,amountPaidByEmployee,amountPaidByCompany,dateOrdered,dateReceived,orderedCar_id) VALUES (1023,1,8636.94,25910.81,"2014-06-16","2014-09-16",1023);
INSERT INTO carorder (id,version,amountPaidByEmployee,amountPaidByCompany,dateOrdered,dateReceived,orderedCar_id) VALUES (1024,1,7413.87,22241.61,"2010-05-14","2010-08-14",1024);
INSERT INTO carorder (id,version,amountPaidByEmployee,amountPaidByCompany,dateOrdered,dateReceived,orderedCar_id) VALUES (1025,1,7413.87,22241.61,"2013-08-16","2013-11-16",1025);
INSERT INTO carorder (id,version,amountPaidByEmployee,amountPaidByCompany,dateOrdered,dateReceived,orderedCar_id) VALUES (1026,1,7795.13,23385.39,"2010-05-14","2010-08-14",1026);
INSERT INTO carorder (id,version,amountPaidByEmployee,amountPaidByCompany,dateOrdered,dateReceived,orderedCar_id) VALUES (1027,1,7079.05,21237.14,"2013-05-19","2013-08-19",1027);
INSERT INTO carorder (id,version,amountPaidByEmployee,amountPaidByCompany,dateOrdered,dateReceived,orderedCar_id) VALUES (1028,1,7008.68,21026.03,"2010-03-07","2010-06-07",1028);
INSERT INTO carorder (id,version,amountPaidByEmployee,amountPaidByCompany,dateOrdered,dateReceived,orderedCar_id) VALUES (1029,1,7413.87,22241.61,"2013-04-09","2013-07-09",1029);
INSERT INTO carorder (id,version,amountPaidByEmployee,amountPaidByCompany,dateOrdered,dateReceived,orderedCar_id) VALUES (1030,1,8716.16,26148.47,"2010-02-04","2010-05-04",1030);
INSERT INTO carorder (id,version,amountPaidByEmployee,amountPaidByCompany,dateOrdered,dateReceived,orderedCar_id) VALUES (1031,1,8816.27,26448.82,"2014-04-09","2014-07-09",1031);
INSERT INTO carorder (id,version,amountPaidByEmployee,amountPaidByCompany,dateOrdered,dateReceived,orderedCar_id) VALUES (1032,1,8213.02,24639.05,"2010-02-15","2010-05-15",1032);
INSERT INTO carorder (id,version,amountPaidByEmployee,amountPaidByCompany,dateOrdered,dateReceived,orderedCar_id) VALUES (1033,1,7008.68,21026.03,"2014-03-21","2014-06-21",1033);
INSERT INTO carorder (id,version,amountPaidByEmployee,amountPaidByCompany,dateOrdered,dateReceived,orderedCar_id) VALUES (1034,1,7767.55,23302.64,"2010-04-14","2010-07-14",1034);
INSERT INTO carorder (id,version,amountPaidByEmployee,amountPaidByCompany,dateOrdered,dateReceived,orderedCar_id) VALUES (1035,1,7767.55,23302.64,"2013-07-18","2013-10-18",1035);
INSERT INTO carorder (id,version,amountPaidByEmployee,amountPaidByCompany,dateOrdered,dateReceived,orderedCar_id) VALUES (1036,1,6600.19,19800.56,"2010-03-14","2010-06-14",1036);
INSERT INTO carorder (id,version,amountPaidByEmployee,amountPaidByCompany,dateOrdered,dateReceived,orderedCar_id) VALUES (1037,1,6984.32,20952.95,"2013-05-16","2013-08-16",1037);
INSERT INTO carorder (id,version,amountPaidByEmployee,amountPaidByCompany,dateOrdered,dateReceived,orderedCar_id) VALUES (1038,1,8716.16,26148.47,"2010-05-09","2010-08-09",1038);
INSERT INTO carorder (id,version,amountPaidByEmployee,amountPaidByCompany,dateOrdered,dateReceived,orderedCar_id) VALUES (1039,1,9042.60,27127.79,"2014-06-15","2014-09-15",1039);
INSERT INTO carorder (id,version,amountPaidByEmployee,amountPaidByCompany,dateOrdered,dateReceived,orderedCar_id) VALUES (1040,1,6600.19,19800.56,"2010-02-08","2010-05-08",1040);
INSERT INTO carorder (id,version,amountPaidByEmployee,amountPaidByCompany,dateOrdered,dateReceived,orderedCar_id) VALUES (1041,1,7154.72,21464.16,"2013-04-09","2013-07-09",1041);
INSERT INTO carorder (id,version,amountPaidByEmployee,amountPaidByCompany,dateOrdered,dateReceived,orderedCar_id) VALUES (1042,1,7308.58,21925.74,"2010-03-12","2010-06-12",1042);
INSERT INTO carorder (id,version,amountPaidByEmployee,amountPaidByCompany,dateOrdered,dateReceived,orderedCar_id) VALUES (1043,1,7308.58,21925.74,"2013-06-12","2013-09-12",1043);
INSERT INTO carorder (id,version,amountPaidByEmployee,amountPaidByCompany,dateOrdered,dateReceived,orderedCar_id) VALUES (1044,1,5794.50,17383.50,"2010-05-10","2010-08-10",1044);
INSERT INTO carorder (id,version,amountPaidByEmployee,amountPaidByCompany,dateOrdered,dateReceived,orderedCar_id) VALUES (1045,1,5794.50,17383.50,"2013-05-16","2013-08-16",1045);
INSERT INTO carorder (id,version,amountPaidByEmployee,amountPaidByCompany,dateOrdered,dateReceived,orderedCar_id) VALUES (1046,1,9543.83,28631.48,"2010-05-14","2010-08-14",1046);
INSERT INTO carorder (id,version,amountPaidByEmployee,amountPaidByCompany,dateOrdered,dateReceived,orderedCar_id) VALUES (1047,1,10289.83,30869.48,"2014-05-17","2014-08-17",1047);
INSERT INTO carorder (id,version,amountPaidByEmployee,amountPaidByCompany,dateOrdered,dateReceived,orderedCar_id) VALUES (1048,1,9543.83,28631.48,"2010-04-07","2010-07-07",1048);
INSERT INTO carorder (id,version,amountPaidByEmployee,amountPaidByCompany,dateOrdered,dateReceived,orderedCar_id) VALUES (1049,1,9543.83,28631.48,"2014-04-08","2014-07-08",1049);
INSERT INTO carorder (id,version,amountPaidByEmployee,amountPaidByCompany,dateOrdered,dateReceived,orderedCar_id) VALUES (1050,1,8716.16,26148.47,"2010-04-09","2010-07-09",1050);
INSERT INTO carorder (id,version,amountPaidByEmployee,amountPaidByCompany,dateOrdered,dateReceived,orderedCar_id) VALUES (1051,1,8716.16,26148.47,"2013-05-13","2013-08-13",1051);
INSERT INTO carorder (id,version,amountPaidByEmployee,amountPaidByCompany,dateOrdered,dateReceived,orderedCar_id) VALUES (1052,1,7079.05,21237.14,"2010-01-11","2010-04-11",1052);
INSERT INTO carorder (id,version,amountPaidByEmployee,amountPaidByCompany,dateOrdered,dateReceived,orderedCar_id) VALUES (1053,1,8796.87,26390.62,"2014-03-18","2014-06-18",1053);
INSERT INTO carorder (id,version,amountPaidByEmployee,amountPaidByCompany,dateOrdered,dateReceived,orderedCar_id) VALUES (1054,1,8796.87,26390.62,"2010-01-10","2010-04-10",1054);
INSERT INTO carorder (id,version,amountPaidByEmployee,amountPaidByCompany,dateOrdered,dateReceived,orderedCar_id) VALUES (1055,1,7542.31,22626.92,"2013-01-10","2013-04-10",1055);
INSERT INTO carorder (id,version,amountPaidByEmployee,amountPaidByCompany,dateOrdered,dateReceived,orderedCar_id) VALUES (1056,1,8213.02,24639.05,"2010-04-14","2010-07-14",1056);
INSERT INTO carorder (id,version,amountPaidByEmployee,amountPaidByCompany,dateOrdered,dateReceived,orderedCar_id) VALUES (1057,1,7767.55,23302.64,"2013-05-21","2013-08-21",1057);
INSERT INTO carorder (id,version,amountPaidByEmployee,amountPaidByCompany,dateOrdered,dateReceived,orderedCar_id) VALUES (1058,1,8213.02,24639.05,"2010-04-13","2010-07-13",1058);
INSERT INTO carorder (id,version,amountPaidByEmployee,amountPaidByCompany,dateOrdered,dateReceived,orderedCar_id) VALUES (1059,1,7413.05,22239.14,"2013-04-16","2013-07-16",1059);
INSERT INTO carorder (id,version,amountPaidByEmployee,amountPaidByCompany,dateOrdered,dateReceived,orderedCar_id) VALUES (1060,1,4296.98,12890.93,"2010-02-01","2010-05-01",1060);
INSERT INTO carorder (id,version,amountPaidByEmployee,amountPaidByCompany,dateOrdered,dateReceived,orderedCar_id) VALUES (1061,1,5794.50,17383.50,"2013-03-01","2013-06-01",1061);
INSERT INTO carorder (id,version,amountPaidByEmployee,amountPaidByCompany,dateOrdered,dateReceived,orderedCar_id) VALUES (1062,1,9042.60,27127.79,"2010-02-05","2010-05-05",1062);
INSERT INTO carorder (id,version,amountPaidByEmployee,amountPaidByCompany,dateOrdered,dateReceived,orderedCar_id) VALUES (1063,1,9543.83,28631.48,"2013-03-11","2013-06-11",1063);
INSERT INTO carorder (id,version,amountPaidByEmployee,amountPaidByCompany,dateOrdered,dateReceived,orderedCar_id) VALUES (1064,1,6335.81,19007.42,"2010-01-11","2010-04-11",1064);
INSERT INTO carorder (id,version,amountPaidByEmployee,amountPaidByCompany,dateOrdered,dateReceived,orderedCar_id) VALUES (1065,1,6869.24,20607.71,"2014-01-12","2014-04-12",1065);
INSERT INTO carorder (id,version,amountPaidByEmployee,amountPaidByCompany,dateOrdered,dateReceived,orderedCar_id) VALUES (1066,1,7154.72,21464.16,"2010-04-08","2010-07-08",1066);
INSERT INTO carorder (id,version,amountPaidByEmployee,amountPaidByCompany,dateOrdered,dateReceived,orderedCar_id) VALUES (1067,1,7054.50,21163.51,"2014-05-11","2014-08-11",1067);
INSERT INTO carorder (id,version,amountPaidByEmployee,amountPaidByCompany,dateOrdered,dateReceived,orderedCar_id) VALUES (1068,1,7795.13,23385.39,"2010-02-07","2010-05-07",1068);
INSERT INTO carorder (id,version,amountPaidByEmployee,amountPaidByCompany,dateOrdered,dateReceived,orderedCar_id) VALUES (1069,1,7542.31,22626.92,"2013-03-11","2013-06-11",1069);
INSERT INTO carorder (id,version,amountPaidByEmployee,amountPaidByCompany,dateOrdered,dateReceived,orderedCar_id) VALUES (1070,1,4296.98,12890.93,"2010-01-02","2010-04-02",1070);
INSERT INTO carorder (id,version,amountPaidByEmployee,amountPaidByCompany,dateOrdered,dateReceived,orderedCar_id) VALUES (1071,1,6262.25,18786.74,"2013-01-06","2013-04-06",1071);
INSERT INTO carorder (id,version,amountPaidByEmployee,amountPaidByCompany,dateOrdered,dateReceived,orderedCar_id) VALUES (1072,1,9042.60,27127.79,"2010-01-05","2010-04-05",1072);
INSERT INTO carorder (id,version,amountPaidByEmployee,amountPaidByCompany,dateOrdered,dateReceived,orderedCar_id) VALUES (1073,1,9042.60,27127.79,"2014-02-08","2014-05-08",1073);
INSERT INTO carorder (id,version,amountPaidByEmployee,amountPaidByCompany,dateOrdered,dateReceived,orderedCar_id) VALUES (1074,1,4296.98,12890.93,"2010-01-01","2010-04-01",1074);
INSERT INTO carorder (id,version,amountPaidByEmployee,amountPaidByCompany,dateOrdered,dateReceived,orderedCar_id) VALUES (1075,1,6141.71,18425.11,"2014-01-04","2014-04-04",1075);
INSERT INTO carorder (id,version,amountPaidByEmployee,amountPaidByCompany,dateOrdered,dateReceived,orderedCar_id) VALUES (1076,1,4986.37,14959.11,"2010-05-04","2010-08-04",1076);
INSERT INTO carorder (id,version,amountPaidByEmployee,amountPaidByCompany,dateOrdered,dateReceived,orderedCar_id) VALUES (1077,1,4986.37,14959.11,"2013-08-08","2013-11-08",1077);
INSERT INTO carorder (id,version,amountPaidByEmployee,amountPaidByCompany,dateOrdered,dateReceived,orderedCar_id) VALUES (1078,1,8816.27,26448.82,"2010-05-04","2010-08-04",1078);
INSERT INTO carorder (id,version,amountPaidByEmployee,amountPaidByCompany,dateOrdered,dateReceived,orderedCar_id) VALUES (1079,1,9777.13,29331.38,"2014-05-06","2014-08-06",1079);
INSERT INTO carorder (id,version,amountPaidByEmployee,amountPaidByCompany,dateOrdered,dateReceived,orderedCar_id) VALUES (1080,1,5794.50,17383.50,"2010-05-08","2010-08-08",1080);
INSERT INTO carorder (id,version,amountPaidByEmployee,amountPaidByCompany,dateOrdered,dateReceived,orderedCar_id) VALUES (1081,1,6262.25,18786.74,"2014-05-10","2014-08-10",1081);
INSERT INTO carorder (id,version,amountPaidByEmployee,amountPaidByCompany,dateOrdered,dateReceived,orderedCar_id) VALUES (1082,1,4296.98,12890.93,"2010-01-08","2010-04-08",1082);
INSERT INTO carorder (id,version,amountPaidByEmployee,amountPaidByCompany,dateOrdered,dateReceived,orderedCar_id) VALUES (1083,1,4986.37,14959.11,"2014-02-11","2014-05-11",1083);
INSERT INTO carorder (id,version,amountPaidByEmployee,amountPaidByCompany,dateOrdered,dateReceived,orderedCar_id) VALUES (1084,1,7767.55,23302.64,"2010-04-02","2010-07-02",1084);
INSERT INTO carorder (id,version,amountPaidByEmployee,amountPaidByCompany,dateOrdered,dateReceived,orderedCar_id) VALUES (1085,1,7413.87,22241.61,"2013-07-04","2013-10-04",1085);
INSERT INTO carorder (id,version,amountPaidByEmployee,amountPaidByCompany,dateOrdered,dateReceived,orderedCar_id) VALUES (1086,1,7308.58,21925.74,"2010-01-10","2010-04-10",1086);
INSERT INTO carorder (id,version,amountPaidByEmployee,amountPaidByCompany,dateOrdered,dateReceived,orderedCar_id) VALUES (1087,1,7413.87,22241.61,"2013-04-13","2013-07-13",1087);
INSERT INTO carorder (id,version,amountPaidByEmployee,amountPaidByCompany,dateOrdered,dateReceived,orderedCar_id) VALUES (1088,1,7413.87,22241.61,"2010-03-15","2010-06-15",1088);
INSERT INTO carorder (id,version,amountPaidByEmployee,amountPaidByCompany,dateOrdered,dateReceived,orderedCar_id) VALUES (1089,1,7767.55,23302.64,"2014-04-18","2014-07-18",1089);
INSERT INTO carorder (id,version,amountPaidByEmployee,amountPaidByCompany,dateOrdered,dateReceived,orderedCar_id) VALUES (1090,1,7413.87,22241.61,"2010-03-11","2010-06-11",1090);
INSERT INTO carorder (id,version,amountPaidByEmployee,amountPaidByCompany,dateOrdered,dateReceived,orderedCar_id) VALUES (1091,1,7308.58,21925.74,"2013-05-15","2013-08-15",1091);
INSERT INTO carorder (id,version,amountPaidByEmployee,amountPaidByCompany,dateOrdered,dateReceived,orderedCar_id) VALUES (1092,1,4296.98,12890.93,"2010-05-09","2010-08-09",1092);
INSERT INTO carorder (id,version,amountPaidByEmployee,amountPaidByCompany,dateOrdered,dateReceived,orderedCar_id) VALUES (1093,1,4296.98,12890.93,"2014-07-14","2014-10-14",1093);
INSERT INTO carorder (id,version,amountPaidByEmployee,amountPaidByCompany,dateOrdered,dateReceived,orderedCar_id) VALUES (1094,1,8796.87,26390.62,"2010-04-10","2010-07-10",1094);
INSERT INTO carorder (id,version,amountPaidByEmployee,amountPaidByCompany,dateOrdered,dateReceived,orderedCar_id) VALUES (1095,1,7542.31,22626.92,"2014-07-14","2014-10-14",1095);
INSERT INTO carorder (id,version,amountPaidByEmployee,amountPaidByCompany,dateOrdered,dateReceived,orderedCar_id) VALUES (1096,1,5794.50,17383.50,"2010-03-15","2010-06-15",1096);
INSERT INTO carorder (id,version,amountPaidByEmployee,amountPaidByCompany,dateOrdered,dateReceived,orderedCar_id) VALUES (1097,1,6674.14,20022.43,"2013-05-22","2013-08-22",1097);
INSERT INTO carorder (id,version,amountPaidByEmployee,amountPaidByCompany,dateOrdered,dateReceived,orderedCar_id) VALUES (1098,1,7413.87,22241.61,"2010-03-08","2010-06-08",1098);
INSERT INTO carorder (id,version,amountPaidByEmployee,amountPaidByCompany,dateOrdered,dateReceived,orderedCar_id) VALUES (1099,1,8213.02,24639.05,"2013-04-12","2013-07-12",1099);
INSERT INTO user (id, version, DTYPE, firstName, lastName, email, password, functionalLevel, inService, currentOrder_id, role) VALUES (1000,1,"RdEmployee","Wendy","Oliver","wendy.oliver@dummyrealdolmen.com","$2a$10$3r6E.avEpTY78Gg1OuXvYOkGroXna7tejlOy7ojSZ/mjDmqHcQ9l.",2,false,1001,"ROLE_RDEMPLOYEE");
INSERT INTO user (id, version, DTYPE, firstName, lastName, email, password, functionalLevel, inService, currentOrder_id, role) VALUES (1001,1,"RdEmployee","Diane","Miller","diane.miller@dummyrealdolmen.com","$2a$10$LJ/JUm9pnOv92ATsWn1wC.Z.lRGOKX8wu5T3hDyGA0KuWhUPey/wm",5,false,1003,"ROLE_RDEMPLOYEE");
INSERT INTO user (id, version, DTYPE, firstName, lastName, email, password, functionalLevel, inService, currentOrder_id, role) VALUES (1002,1,"RdEmployee","Emma","White","emma.white@dummyrealdolmen.com","$2a$10$jEeklDiygv9npbt8lXVOGOGQj7yyMF5K4I0LgujU3lG1aFuJBZkHS",4,false,1005,"ROLE_RDEMPLOYEE");
INSERT INTO user (id, version, DTYPE, firstName, lastName, email, password, functionalLevel, inService, currentOrder_id, role) VALUES (1003,1,"FleetEmployee","Emily","Chapman","emily.chapman@dummyrealdolmen.com","$2a$10$lwIir2tBii8sH3NsXJlA7OHm/.xheceAj99/SgDayda5OPo2jy2tG",5,true,1007,"ROLE_FLEETEMPLOYEE");
INSERT INTO user (id, version, DTYPE, firstName, lastName, email, password, functionalLevel, inService, currentOrder_id, role) VALUES (1004,1,"FleetEmployee","Tracey","Knox","tracey.knox@dummyrealdolmen.com","$2a$10$G.Y0kGi/DntImYOoUtexAOJwe1NPkrlEEkk7E9npiU6bgLwv.12eW",6,true,1009,"ROLE_FLEETEMPLOYEE");
INSERT INTO user (id, version, DTYPE, firstName, lastName, email, password, functionalLevel, inService, currentOrder_id, role) VALUES (1005,1,"FleetEmployee","Caroline","Smith","caroline.smith@dummyrealdolmen.com","$2a$10$rqugLO5jvt7s3rBsdscq1.zeW95aMpdHFvYFlK6z76lKqRszjmcvO",6,true,1011,"ROLE_FLEETEMPLOYEE");
INSERT INTO user (id, version, DTYPE, firstName, lastName, email, password, functionalLevel, inService, currentOrder_id, role) VALUES (1006,1,"RdEmployee","Stephen","Sutherland","stephen.sutherland@dummyrealdolmen.com","$2a$10$NuJjiNl8H28CIAUuZK.FTeewzs2dmrI78J.RgOfHcp3S0/OuKlwgi",6,true,1013,"ROLE_RDEMPLOYEE");
INSERT INTO user (id, version, DTYPE, firstName, lastName, email, password, functionalLevel, inService, currentOrder_id, role) VALUES (1007,1,"RdEmployee","Michael","Hemmings","michael.hemmings@dummyrealdolmen.com","$2a$10$lK3q227bKxTy073Kjs8QE.tAnJE92ncUMOcPX2elsXaN2kTBQP4d.",3,true,1015,"ROLE_RDEMPLOYEE");
INSERT INTO user (id, version, DTYPE, firstName, lastName, email, password, functionalLevel, inService, currentOrder_id, role) VALUES (1008,1,"RdEmployee","Ian","Cameron","ian.cameron@dummyrealdolmen.com","$2a$10$00BLUhT48E/omMQghiu7iO2RIIHEeAWxIPdzmcLB39eTUjBjyzjvq",5,true,1017,"ROLE_RDEMPLOYEE");
INSERT INTO user (id, version, DTYPE, firstName, lastName, email, password, functionalLevel, inService, currentOrder_id, role) VALUES (1009,1,"RdEmployee","Yvonne","White","yvonne.white@dummyrealdolmen.com","$2a$10$JGR1qrxhiZVgXwSp/JsJvOs5fPpFQL2u4zPhiz5Dgv3WFuvAM62Ni",5,true,1019,"ROLE_RDEMPLOYEE");
INSERT INTO user (id, version, DTYPE, firstName, lastName, email, password, functionalLevel, inService, currentOrder_id, role) VALUES (1010,1,"RdEmployee","Ian","Brown","ian.brown@dummyrealdolmen.com","$2a$10$XonhbWp0yVgN16LbYuOTm.dbOVtojjQHNvA92IVvPEiZ1gZh6g9g2",6,true,1021,"ROLE_RDEMPLOYEE");
INSERT INTO user (id, version, DTYPE, firstName, lastName, email, password, functionalLevel, inService, currentOrder_id, role) VALUES (1011,1,"RdEmployee","Rebecca","Nash","rebecca.nash@dummyrealdolmen.com","$2a$10$1P3GN1jAzAb1ML8MYMbB.evRU2Ok1oWmJvduTI1C30NtqiOl.8DQO",5,true,1023,"ROLE_RDEMPLOYEE");
INSERT INTO user (id, version, DTYPE, firstName, lastName, email, password, functionalLevel, inService, currentOrder_id, role) VALUES (1012,1,"RdEmployee","Lauren","Mathis","lauren.mathis@dummyrealdolmen.com","$2a$10$a8Vm/fAc1JgYMI8gFSpI0.E4VRBNXAev/9hJieyT3Fg9bvgTjs95a",4,true,1025,"ROLE_RDEMPLOYEE");
INSERT INTO user (id, version, DTYPE, firstName, lastName, email, password, functionalLevel, inService, currentOrder_id, role) VALUES (1013,1,"RdEmployee","Carol","Ellison","carol.ellison@dummyrealdolmen.com","$2a$10$bADjgjvCz/kUptbssQxhXumpxoXpF.Zi1QOJxxfFFp0/OpqJLaBxu",5,true,1027,"ROLE_RDEMPLOYEE");
INSERT INTO user (id, version, DTYPE, firstName, lastName, email, password, functionalLevel, inService, currentOrder_id, role) VALUES (1014,1,"RdEmployee","Austin","Wilkins","austin.wilkins@dummyrealdolmen.com","$2a$10$Ihrkzl3WniP/wLjlzaEOLexKCissHk.1jTAuyuD/JAQMqIIkmj3Tq",4,true,1029,"ROLE_RDEMPLOYEE");
INSERT INTO user (id, version, DTYPE, firstName, lastName, email, password, functionalLevel, inService, currentOrder_id, role) VALUES (1015,1,"RdEmployee","Joshua","Parr","joshua.parr@dummyrealdolmen.com","$2a$10$6Pk/uVYXwfy1jqA0Fa1vvufsbKXvLkkS5uJ7p6FlkODzrS0nXj6N2",6,true,1031,"ROLE_RDEMPLOYEE");
INSERT INTO user (id, version, DTYPE, firstName, lastName, email, password, functionalLevel, inService, currentOrder_id, role) VALUES (1016,1,"RdEmployee","Mary","Slater","mary.slater@dummyrealdolmen.com","$2a$10$cVcAYf4Q7jVGcCF7K7d1ru52ACV/whrcseCGHaFoUIN.bTfCE28d2",4,true,1033,"ROLE_RDEMPLOYEE");
INSERT INTO user (id, version, DTYPE, firstName, lastName, email, password, functionalLevel, inService, currentOrder_id, role) VALUES (1017,1,"RdEmployee","Isaac","Forsyth","isaac.forsyth@dummyrealdolmen.com","$2a$10$ilm6Gemr9G3okv0fiLmFyuOpZbb3lDJpNf9iniBl/Ev.fF8lNlALy",4,true,1035,"ROLE_RDEMPLOYEE");
INSERT INTO user (id, version, DTYPE, firstName, lastName, email, password, functionalLevel, inService, currentOrder_id, role) VALUES (1018,1,"RdEmployee","Jasmine","Hunter","jasmine.hunter@dummyrealdolmen.com","$2a$10$dZSIPfvbpcm96U0ulZYVQOU9v24ZrPsdM/s6DN4yTCMqIXKsHDlHa",3,true,1037,"ROLE_RDEMPLOYEE");
INSERT INTO user (id, version, DTYPE, firstName, lastName, email, password, functionalLevel, inService, currentOrder_id, role) VALUES (1019,1,"RdEmployee","Owen","Davies","owen.davies@dummyrealdolmen.com","$2a$10$y9/9r9nIt9lIH5l1ILn0/OAe4fUQMYWb.jb1wPWKIZ5E0CgyrGIXa",6,true,1039,"ROLE_RDEMPLOYEE");
INSERT INTO user (id, version, DTYPE, firstName, lastName, email, password, functionalLevel, inService, currentOrder_id, role) VALUES (1020,1,"RdEmployee","Rebecca","Thomson","rebecca.thomson@dummyrealdolmen.com","$2a$10$VxB8wbTMYozTQEUNTLsv9OKl8Y/NDN1yawkBSJ/a8.VXRZ0eX64sm",3,true,1041,"ROLE_RDEMPLOYEE");
INSERT INTO user (id, version, DTYPE, firstName, lastName, email, password, functionalLevel, inService, currentOrder_id, role) VALUES (1021,1,"RdEmployee","Molly","Lyman","molly.lyman@dummyrealdolmen.com","$2a$10$WuJj5AJVn2FIgeJm3vIhV.uy3H4.WTf9V9pnq5l1KJ7upLjosf97W",4,true,1043,"ROLE_RDEMPLOYEE");
INSERT INTO user (id, version, DTYPE, firstName, lastName, email, password, functionalLevel, inService, currentOrder_id, role) VALUES (1022,1,"RdEmployee","Justin","Hughes","justin.hughes@dummyrealdolmen.com","$2a$10$G9POXGOp3b1sbAcERK9ZX.JakDuQhTrSVLsFiYq/PjUN6hn4u5rea",2,true,1045,"ROLE_RDEMPLOYEE");
INSERT INTO user (id, version, DTYPE, firstName, lastName, email, password, functionalLevel, inService, currentOrder_id, role) VALUES (1023,1,"RdEmployee","Edward","Dowd","edward.dowd@dummyrealdolmen.com","$2a$10$.kNmtzlP/0QHlvpiHJ8zbueMZA2B50iHh4VGnmM3X/wMPQ/lZhL3W",6,true,1047,"ROLE_RDEMPLOYEE");
INSERT INTO user (id, version, DTYPE, firstName, lastName, email, password, functionalLevel, inService, currentOrder_id, role) VALUES (1024,1,"RdEmployee","Vanessa","Vance","vanessa.vance@dummyrealdolmen.com","$2a$10$.KUVfIC2Ftj0g1RvKWXbw.NeYiaxhRA7PPMBoIVZvDAqwIS2zeNZu",6,true,1049,"ROLE_RDEMPLOYEE");
INSERT INTO user (id, version, DTYPE, firstName, lastName, email, password, functionalLevel, inService, currentOrder_id, role) VALUES (1025,1,"RdEmployee","Sam","Clarkson","sam.clarkson@dummyrealdolmen.com","$2a$10$idbZdF60Apk4./k1kq8ZRezdQAMZvEqYZRcCaJqCnJINP6Hr9hMBi",6,true,1051,"ROLE_RDEMPLOYEE");
INSERT INTO user (id, version, DTYPE, firstName, lastName, email, password, functionalLevel, inService, currentOrder_id, role) VALUES (1026,1,"RdEmployee","Michael","Wallace","michael.wallace@dummyrealdolmen.com","$2a$10$7OUHb0upvnkUojZn0oRJq.6sFuSC5G1xV6C1rAURWLFI3oQAB3wGm",5,true,1053,"ROLE_RDEMPLOYEE");
INSERT INTO user (id, version, DTYPE, firstName, lastName, email, password, functionalLevel, inService, currentOrder_id, role) VALUES (1027,1,"RdEmployee","Sebastian","Lawrence","sebastian.lawrence@dummyrealdolmen.com","$2a$10$IGfFWkC2/ruL9EY2vUz7DOJ/5.ucdGYzDm1T8bcIEefYGsj9zPC4a",5,true,1055,"ROLE_RDEMPLOYEE");
INSERT INTO user (id, version, DTYPE, firstName, lastName, email, password, functionalLevel, inService, currentOrder_id, role) VALUES (1028,1,"RdEmployee","Caroline","Lambert","caroline.lambert@dummyrealdolmen.com","$2a$10$W9OCoX.6s.DDzx1kZVh3g.puKNal/IIA/wGVmP47s3Nb9rnvZaZbi",4,true,1057,"ROLE_RDEMPLOYEE");
INSERT INTO user (id, version, DTYPE, firstName, lastName, email, password, functionalLevel, inService, currentOrder_id, role) VALUES (1029,1,"RdEmployee","Andrea","Hemmings","andrea.hemmings@dummyrealdolmen.com","$2a$10$mWejkwQ9fzO7S8QLb0Ogaur2NdvBsswCFd..ESmyN96HkO/0b3bKK",4,true,1059,"ROLE_RDEMPLOYEE");
INSERT INTO user (id, version, DTYPE, firstName, lastName, email, password, functionalLevel, inService, currentOrder_id, role) VALUES (1030,1,"RdEmployee","Boris","Abraham","boris.abraham@dummyrealdolmen.com","$2a$10$Uhr.W.jVTkq7mCGzHZtdVeD8Oh86So3Yed1hMZbSD2lY/JoCioFy6",2,true,1061,"ROLE_RDEMPLOYEE");
INSERT INTO user (id, version, DTYPE, firstName, lastName, email, password, functionalLevel, inService, currentOrder_id, role) VALUES (1031,1,"RdEmployee","Kimberly","Forsyth","kimberly.forsyth@dummyrealdolmen.com","$2a$10$6PWsvLqqDATch8OAr2ORCO5tpAwFT6kVZ.zTsfBjorVZJzvp8JsXK",6,true,1063,"ROLE_RDEMPLOYEE");
INSERT INTO user (id, version, DTYPE, firstName, lastName, email, password, functionalLevel, inService, currentOrder_id, role) VALUES (1032,1,"RdEmployee","Charles","Manning","charles.manning@dummyrealdolmen.com","$2a$10$ciCNxxsMCZL4FtOg8GqNIO/5e1B/nVcIPFHDR6RsYn/GLFogfAniC",2,true,1065,"ROLE_RDEMPLOYEE");
INSERT INTO user (id, version, DTYPE, firstName, lastName, email, password, functionalLevel, inService, currentOrder_id, role) VALUES (1033,1,"RdEmployee","Yvonne","Greene","yvonne.greene@dummyrealdolmen.com","$2a$10$5N5Fr6whpxn1M1Tz1n2sy./C05.Eh.waLuIT6KmjAMjjVHd6/RnZ6",3,true,1067,"ROLE_RDEMPLOYEE");
INSERT INTO user (id, version, DTYPE, firstName, lastName, email, password, functionalLevel, inService, currentOrder_id, role) VALUES (1034,1,"RdEmployee","Heather","Sanderson","heather.sanderson@dummyrealdolmen.com","$2a$10$PE0..6iadzqO7iGjcNHV7ucPxCueXI5UpArcekYH1G0ATU2HnkSrS",5,true,1069,"ROLE_RDEMPLOYEE");
INSERT INTO user (id, version, DTYPE, firstName, lastName, email, password, functionalLevel, inService, currentOrder_id, role) VALUES (1035,1,"RdEmployee","Alexandra","Hardacre","alexandra.hardacre@dummyrealdolmen.com","$2a$10$R6H.xmuld7GPVbyyluK0SOuCG/uOcNcvwz2L15b3eKp6GxIZzMIkO",2,true,1071,"ROLE_RDEMPLOYEE");
INSERT INTO user (id, version, DTYPE, firstName, lastName, email, password, functionalLevel, inService, currentOrder_id, role) VALUES (1036,1,"RdEmployee","Vanessa","Alsop","vanessa.alsop@dummyrealdolmen.com","$2a$10$oXjrXJDeKZTX2WNNJJxK2.FkdFyzlsBBiAIOfihG8UH6LOAX6yHrS",6,true,1073,"ROLE_RDEMPLOYEE");
INSERT INTO user (id, version, DTYPE, firstName, lastName, email, password, functionalLevel, inService, currentOrder_id, role) VALUES (1037,1,"RdEmployee","Natalie","Churchill","natalie.churchill@dummyrealdolmen.com","$2a$10$oomip8OYFOx8Moo/lvhCIuQpbHQ/nYIWxXvYkVdDG/.lNmXPWn5qy",2,true,1075,"ROLE_RDEMPLOYEE");
INSERT INTO user (id, version, DTYPE, firstName, lastName, email, password, functionalLevel, inService, currentOrder_id, role) VALUES (1038,1,"RdEmployee","John","Johnston","john.johnston@dummyrealdolmen.com","$2a$10$VzS88SRaANTwyVbytxd27OGTzHWJ1ecFT9BE9kD8kA6YaUbemXSNm",2,true,1077,"ROLE_RDEMPLOYEE");
INSERT INTO user (id, version, DTYPE, firstName, lastName, email, password, functionalLevel, inService, currentOrder_id, role) VALUES (1039,1,"RdEmployee","Piers","Carr","piers.carr@dummyrealdolmen.com","$2a$10$Vq2xMcPCIZSAT/OT/nI8De0C/2aZtMBF3/YB3HJ3uwIJ7D4hVNKFm",6,true,1079,"ROLE_RDEMPLOYEE");
INSERT INTO user (id, version, DTYPE, firstName, lastName, email, password, functionalLevel, inService, currentOrder_id, role) VALUES (1040,1,"RdEmployee","Max","Johnston","max.johnston@dummyrealdolmen.com","$2a$10$g6uzqNmb9vZKPWjJ2fzT0eZB0JgBwskG76KVkRZXlwy6MuxfUuML.",2,true,1081,"ROLE_RDEMPLOYEE");
INSERT INTO user (id, version, DTYPE, firstName, lastName, email, password, functionalLevel, inService, currentOrder_id, role) VALUES (1041,1,"RdEmployee","Evan","Parsons","evan.parsons@dummyrealdolmen.com","$2a$10$zcZtlAnZgfCFI3llobQ0h.sUDrb43p7XwkO76AYBvGPhJlQyQcbGa",2,true,1083,"ROLE_RDEMPLOYEE");
INSERT INTO user (id, version, DTYPE, firstName, lastName, email, password, functionalLevel, inService, currentOrder_id, role) VALUES (1042,1,"RdEmployee","Lauren","Mackenzie","lauren.mackenzie@dummyrealdolmen.com","$2a$10$Wb.xIpTmdIfTzQYPNutQiu8awQxUthyJQP24JEM67Kbrirgf8NDNu",4,true,1085,"ROLE_RDEMPLOYEE");
INSERT INTO user (id, version, DTYPE, firstName, lastName, email, password, functionalLevel, inService, currentOrder_id, role) VALUES (1043,1,"RdEmployee","Pippa","Ince","pippa.ince@dummyrealdolmen.com","$2a$10$erWSHHrGzlvkdHV87OD2x.nwbmipMRnHfGTpzkwHLb5EFWklwuVcW",4,true,1087,"ROLE_RDEMPLOYEE");
INSERT INTO user (id, version, DTYPE, firstName, lastName, email, password, functionalLevel, inService, currentOrder_id, role) VALUES (1044,1,"RdEmployee","Carl","Paterson","carl.paterson@dummyrealdolmen.com","$2a$10$67VEtPrH9E690lCweWYdjOdNfqRc4DA81Ku1FVxZDzE11U4VgdgOe",4,true,1089,"ROLE_RDEMPLOYEE");
INSERT INTO user (id, version, DTYPE, firstName, lastName, email, password, functionalLevel, inService, currentOrder_id, role) VALUES (1045,1,"RdEmployee","Lauren","King","lauren.king@dummyrealdolmen.com","$2a$10$IOE5JqFk16LeFdb1iB8nr.NacESapskKtIZ5i3AShr7qcPBzkb.q6",4,true,1091,"ROLE_RDEMPLOYEE");
INSERT INTO user (id, version, DTYPE, firstName, lastName, email, password, functionalLevel, inService, currentOrder_id, role) VALUES (1046,1,"RdEmployee","Paul","Kerr","paul.kerr@dummyrealdolmen.com","$2a$10$BN3qVRSha9nxcNzWxixsOO0YpOLw/GuupSo2izj389fXKFIGQ/TKu",2,true,1093,"ROLE_RDEMPLOYEE");
INSERT INTO user (id, version, DTYPE, firstName, lastName, email, password, functionalLevel, inService, currentOrder_id, role) VALUES (1047,1,"RdEmployee","Adam","Peters","adam.peters@dummyrealdolmen.com","$2a$10$OF86F/Q.UrHkbzAdFQtS/O0zJ9pYMChtEoSPDETsWlnAXTE8BdRHC",5,true,1095,"ROLE_RDEMPLOYEE");
INSERT INTO user (id, version, DTYPE, firstName, lastName, email, password, functionalLevel, inService, currentOrder_id, role) VALUES (1048,1,"RdEmployee","Emily","King","emily.king@dummyrealdolmen.com","$2a$10$0HIDBIqDGz4w/yj8N/6C0.0PFkr2xlESfqIW81SydM1fgPRbPjOQu",2,true,1097,"ROLE_RDEMPLOYEE");
INSERT INTO user (id, version, DTYPE, firstName, lastName, email, password, functionalLevel, inService, currentOrder_id, role) VALUES (1049,1,"RdEmployee","Molly","Clarkson","molly.clarkson@dummyrealdolmen.com","$2a$10$bGMyfxZcmw0Wg5DXjwsFzOB7lFUMG.Ut6QGqF2OIxumlVtoaRNhvu",4,true,1099,"ROLE_RDEMPLOYEE");
INSERT INTO user_carorder (User_id,orderHistory_id) VALUES (1000,1000);
INSERT INTO user_carorder (User_id,orderHistory_id) VALUES (1001,1002);
INSERT INTO user_carorder (User_id,orderHistory_id) VALUES (1002,1004);
INSERT INTO user_carorder (User_id,orderHistory_id) VALUES (1003,1006);
INSERT INTO user_carorder (User_id,orderHistory_id) VALUES (1004,1008);
INSERT INTO user_carorder (User_id,orderHistory_id) VALUES (1005,1010);
INSERT INTO user_carorder (User_id,orderHistory_id) VALUES (1006,1012);
INSERT INTO user_carorder (User_id,orderHistory_id) VALUES (1007,1014);
INSERT INTO user_carorder (User_id,orderHistory_id) VALUES (1008,1016);
INSERT INTO user_carorder (User_id,orderHistory_id) VALUES (1009,1018);
INSERT INTO user_carorder (User_id,orderHistory_id) VALUES (1010,1020);
INSERT INTO user_carorder (User_id,orderHistory_id) VALUES (1011,1022);
INSERT INTO user_carorder (User_id,orderHistory_id) VALUES (1012,1024);
INSERT INTO user_carorder (User_id,orderHistory_id) VALUES (1013,1026);
INSERT INTO user_carorder (User_id,orderHistory_id) VALUES (1014,1028);
INSERT INTO user_carorder (User_id,orderHistory_id) VALUES (1015,1030);
INSERT INTO user_carorder (User_id,orderHistory_id) VALUES (1016,1032);
INSERT INTO user_carorder (User_id,orderHistory_id) VALUES (1017,1034);
INSERT INTO user_carorder (User_id,orderHistory_id) VALUES (1018,1036);
INSERT INTO user_carorder (User_id,orderHistory_id) VALUES (1019,1038);
INSERT INTO user_carorder (User_id,orderHistory_id) VALUES (1020,1040);
INSERT INTO user_carorder (User_id,orderHistory_id) VALUES (1021,1042);
INSERT INTO user_carorder (User_id,orderHistory_id) VALUES (1022,1044);
INSERT INTO user_carorder (User_id,orderHistory_id) VALUES (1023,1046);
INSERT INTO user_carorder (User_id,orderHistory_id) VALUES (1024,1048);
INSERT INTO user_carorder (User_id,orderHistory_id) VALUES (1025,1050);
INSERT INTO user_carorder (User_id,orderHistory_id) VALUES (1026,1052);
INSERT INTO user_carorder (User_id,orderHistory_id) VALUES (1027,1054);
INSERT INTO user_carorder (User_id,orderHistory_id) VALUES (1028,1056);
INSERT INTO user_carorder (User_id,orderHistory_id) VALUES (1029,1058);
INSERT INTO user_carorder (User_id,orderHistory_id) VALUES (1030,1060);
INSERT INTO user_carorder (User_id,orderHistory_id) VALUES (1031,1062);
INSERT INTO user_carorder (User_id,orderHistory_id) VALUES (1032,1064);
INSERT INTO user_carorder (User_id,orderHistory_id) VALUES (1033,1066);
INSERT INTO user_carorder (User_id,orderHistory_id) VALUES (1034,1068);
INSERT INTO user_carorder (User_id,orderHistory_id) VALUES (1035,1070);
INSERT INTO user_carorder (User_id,orderHistory_id) VALUES (1036,1072);
INSERT INTO user_carorder (User_id,orderHistory_id) VALUES (1037,1074);
INSERT INTO user_carorder (User_id,orderHistory_id) VALUES (1038,1076);
INSERT INTO user_carorder (User_id,orderHistory_id) VALUES (1039,1078);
INSERT INTO user_carorder (User_id,orderHistory_id) VALUES (1040,1080);
INSERT INTO user_carorder (User_id,orderHistory_id) VALUES (1041,1082);
INSERT INTO user_carorder (User_id,orderHistory_id) VALUES (1042,1084);
INSERT INTO user_carorder (User_id,orderHistory_id) VALUES (1043,1086);
INSERT INTO user_carorder (User_id,orderHistory_id) VALUES (1044,1088);
INSERT INTO user_carorder (User_id,orderHistory_id) VALUES (1045,1090);
INSERT INTO user_carorder (User_id,orderHistory_id) VALUES (1046,1092);
INSERT INTO user_carorder (User_id,orderHistory_id) VALUES (1047,1094);
INSERT INTO user_carorder (User_id,orderHistory_id) VALUES (1048,1096);
INSERT INTO user_carorder (User_id,orderHistory_id) VALUES (1049,1098);
