INSERT INTO car (id,version,amountDowngrade,amountUpgrade,benefit,bluetooth,co2,description,fiscHp,fuelType,functionalLevel,gps,idealKm,listPrice,make,maxKm,model,timeOfDeliveryInDays,towingBracketPossibility,tyreType,carType,orderable) VALUES (1000,1,3924.43,0,104.17,true,89,"",9,'DIESEL',2,true,140000,25048.99,'Audi',180000,'A3 sportback 1,6 tdi 110 pk ultra attraction',150,true,'STEEL','REGULAR',true);
INSERT INTO car (id,version,amountDowngrade,amountUpgrade,benefit,bluetooth,co2,description,fiscHp,fuelType,functionalLevel,gps,idealKm,listPrice,make,maxKm,model,timeOfDeliveryInDays,towingBracketPossibility,tyreType,carType,orderable) VALUES (1001,1,2479.69,0,104.17,true,109,"",7,'DIESEL',2,true,140000,19945.48,'Seat',180000,'Ibiza St 1,6 crtdi 105 pk Style ecomotive',105,false,'STEEL','REGULAR',true);
INSERT INTO car (id,version,amountDowngrade,amountUpgrade,benefit,bluetooth,co2,description,fiscHp,fuelType,functionalLevel,gps,idealKm,listPrice,make,maxKm,model,timeOfDeliveryInDays,towingBracketPossibility,tyreType,carType,orderable) VALUES (1002,1,5491.27,0,104.17,true,87,"",9,'DIESEL',2,true,140000,23178.0,'Seat',180000,'Leon style 1,6 Tdi 110 pk ecomotive',90,false,'STEEL','REGULAR',true);
INSERT INTO car (id,version,amountDowngrade,amountUpgrade,benefit,bluetooth,co2,description,fiscHp,fuelType,functionalLevel,gps,idealKm,listPrice,make,maxKm,model,timeOfDeliveryInDays,towingBracketPossibility,tyreType,carType,orderable) VALUES (1003,1,4253.93,0,104.17,true,90,"",9,'DIESEL',2,true,140000,24566.82,'Skoda',180000,'Octavia Berline 1,6 tdi 110 pk  greenline',90,true,'STEEL','REGULAR',true);
INSERT INTO car (id,version,amountDowngrade,amountUpgrade,benefit,bluetooth,co2,description,fiscHp,fuelType,functionalLevel,gps,idealKm,listPrice,make,maxKm,model,timeOfDeliveryInDays,towingBracketPossibility,tyreType,carType,orderable) VALUES (1004,1,4042.73,0,104.17,true,90,"",9,'DIESEL',2,true,140000,25343.22,'Skoda',180000,'Octavia combi 1,6 tdi 110 pk  greenline',105,true,'STEEL','REGULAR',true);
INSERT INTO car (id,version,amountDowngrade,amountUpgrade,benefit,bluetooth,co2,description,fiscHp,fuelType,functionalLevel,gps,idealKm,listPrice,make,maxKm,model,timeOfDeliveryInDays,towingBracketPossibility,tyreType,carType,orderable) VALUES (1005,1,1907.41,0,104.17,true,109,"",7,'DIESEL',2,true,180000,17187.91,'Skoda',200000,'Roomster 1,2 crtdi 75 pk',105,true,'STEEL','REGULAR',true);
INSERT INTO car (id,version,amountDowngrade,amountUpgrade,benefit,bluetooth,co2,description,fiscHp,fuelType,functionalLevel,gps,idealKm,listPrice,make,maxKm,model,timeOfDeliveryInDays,towingBracketPossibility,tyreType,carType,orderable) VALUES (1006,1,1369.33,0,123.65,true,99,"",9,'DIESEL',2,true,140000,27476.95,'VW',180000,'Golf 7 Highline 1,6l CRTDI 110 pk BMT',120,true,'STEEL','REGULAR',true);
INSERT INTO car (id,version,amountDowngrade,amountUpgrade,benefit,bluetooth,co2,description,fiscHp,fuelType,functionalLevel,gps,idealKm,listPrice,make,maxKm,model,timeOfDeliveryInDays,towingBracketPossibility,tyreType,carType,orderable) VALUES (1007,1,1407.33,0,125.86,true,102,"",9,'DIESEL',2,true,140000,26696.57,'VW',180000,'Golf Variant Trendl.1,6 CRTDI 110 pk BMT',105,true,'STEEL','REGULAR',true);
INSERT INTO car (id,version,amountDowngrade,amountUpgrade,benefit,bluetooth,co2,description,fiscHp,fuelType,functionalLevel,gps,idealKm,listPrice,make,maxKm,model,timeOfDeliveryInDays,towingBracketPossibility,tyreType,carType,orderable) VALUES (1008,1,2795.35,2431.85,122.93,true,107,"",11,'DIESEL',3,true,140000,24240.16,'VW',180000,'Beetle Design 2,0l TDI 110pk BMT',150,false,'STEEL','REGULAR',true);
INSERT INTO car (id,version,amountDowngrade,amountUpgrade,benefit,bluetooth,co2,description,fiscHp,fuelType,functionalLevel,gps,idealKm,listPrice,make,maxKm,model,timeOfDeliveryInDays,towingBracketPossibility,tyreType,carType,orderable) VALUES (1009,1,3036.91,2190.29,126.98,true,99,"",9,'DIESEL',3,true,140000,28218.01,'Audi',180000,'A3 sportback 1,6 tdi 110 pk Ambiente',150,true,'STEEL','REGULAR',true);
INSERT INTO car (id,version,amountDowngrade,amountUpgrade,benefit,bluetooth,co2,description,fiscHp,fuelType,functionalLevel,gps,idealKm,listPrice,make,maxKm,model,timeOfDeliveryInDays,towingBracketPossibility,tyreType,carType,orderable) VALUES (1010,1,3165.9,2061.3,134.92,true,102,"",9,'DIESEL',3,true,180000,28618.88,'VW',200000,'Golf Variant Highline 1,6CRTDI 110 pk BMT',120,true,'STEEL','REGULAR',true);
INSERT INTO car (id,version,amountDowngrade,amountUpgrade,benefit,bluetooth,co2,description,fiscHp,fuelType,functionalLevel,gps,idealKm,listPrice,make,maxKm,model,timeOfDeliveryInDays,towingBracketPossibility,tyreType,carType,orderable) VALUES (1011,1,2792.9,2434.3,137.66,true,109,"",9,'DIESEL',3,true,180000,26400.74,'Skoda',200000,'Superb berline ambiente 1,6 crtdi greenline',120,true,'STEEL','REGULAR',true);
INSERT INTO car (id,version,amountDowngrade,amountUpgrade,benefit,bluetooth,co2,description,fiscHp,fuelType,functionalLevel,gps,idealKm,listPrice,make,maxKm,model,timeOfDeliveryInDays,towingBracketPossibility,tyreType,carType,orderable) VALUES (1012,1,1363.08,3864.12,152.23,true,105,"",9,'DIESEL',3,true,140000,30887.44,'VW',180000,'Passat berline 1.6 TDI 120 pk DPG BMT comfortline',120,true,'ALUMINIUM','REGULAR',true);
INSERT INTO car (id,version,amountDowngrade,amountUpgrade,benefit,bluetooth,co2,description,fiscHp,fuelType,functionalLevel,gps,idealKm,listPrice,make,maxKm,model,timeOfDeliveryInDays,towingBracketPossibility,tyreType,carType,orderable) VALUES (1013,1,2349.24,2877.96,153.2,true,113,"",9,'DIESEL',3,true,180000,27853.89,'Skoda',200000,'Superb Combi 1,6 tdi 105 pk 5v geenline amb',120,true,'STEEL','REGULAR',true);
INSERT INTO car (id,version,amountDowngrade,amountUpgrade,benefit,bluetooth,co2,description,fiscHp,fuelType,functionalLevel,gps,idealKm,listPrice,make,maxKm,model,timeOfDeliveryInDays,towingBracketPossibility,tyreType,carType,orderable) VALUES (1014,1,1557.73,3669.47,157.65,true,115,"",9,'DIESEL',3,true,140000,27937.26,'VW',180000,'New Touran 1.6TDI Trendline 110pk BMT 6v',150,true,'ALUMINIUM','REGULAR',true);
INSERT INTO car (id,version,amountDowngrade,amountUpgrade,benefit,bluetooth,co2,description,fiscHp,fuelType,functionalLevel,gps,idealKm,listPrice,make,maxKm,model,timeOfDeliveryInDays,towingBracketPossibility,tyreType,carType,orderable) VALUES (1015,1,5046.42,761.58,135.73,true,101,"",9,'DIESEL',4,true,140000,29234.32,'VW',180000,'Golf Sportsvan 1,6 CRTDI 110 Highline',120,true,'STEEL','REGULAR',true);
INSERT INTO car (id,version,amountDowngrade,amountUpgrade,benefit,bluetooth,co2,description,fiscHp,fuelType,functionalLevel,gps,idealKm,listPrice,make,maxKm,model,timeOfDeliveryInDays,towingBracketPossibility,tyreType,carType,orderable) VALUES (1016,1,4611.88,1196.12,138.17,true,105,"",9,'DIESEL',4,true,140000,28034.71,'VW',180000,'Jetta Comfortline 2,0 tdi 110pk 5v BMT',150,true,'ALUMINIUM','REGULAR',true);
INSERT INTO car (id,version,amountDowngrade,amountUpgrade,benefit,bluetooth,co2,description,fiscHp,fuelType,functionalLevel,gps,idealKm,listPrice,make,maxKm,model,timeOfDeliveryInDays,towingBracketPossibility,tyreType,carType,orderable) VALUES (1017,1,4283.85,1524.15,154.61,true,109,"",9,'DIESEL',4,true,180000,29652.19,'Skoda',200000,'Superb Greenline elegance 1,6 tdi 105 pk',120,true,'STEEL','REGULAR',true);
INSERT INTO car (id,version,amountDowngrade,amountUpgrade,benefit,bluetooth,co2,description,fiscHp,fuelType,functionalLevel,gps,idealKm,listPrice,make,maxKm,model,timeOfDeliveryInDays,towingBracketPossibility,tyreType,carType,orderable) VALUES (1018,1,2150.86,3657.14,166.61,true,107,"",9,'DIESEL',4,true,140000,32852.07,'VW',180000,'Passat Variant 1,6 tdi 120 pk Comfortline',120,true,'ALUMINIUM','REGULAR',true);
INSERT INTO car (id,version,amountDowngrade,amountUpgrade,benefit,bluetooth,co2,description,fiscHp,fuelType,functionalLevel,gps,idealKm,listPrice,make,maxKm,model,timeOfDeliveryInDays,towingBracketPossibility,tyreType,carType,orderable) VALUES (1019,1,2713.57,3094.43,167.34,true,115,"",9,'DIESEL',4,true,140000,29655.48,'VW',180000,'New Touran 1.6TDI Trendline 110 pk BMT 6v',150,true,'ALUMINIUM','REGULAR',true);
INSERT INTO car (id,version,amountDowngrade,amountUpgrade,benefit,bluetooth,co2,description,fiscHp,fuelType,functionalLevel,gps,idealKm,listPrice,make,maxKm,model,timeOfDeliveryInDays,towingBracketPossibility,tyreType,carType,orderable) VALUES (1020,1,1835.36,3972.64,170.75,true,117,"",11,'DIESEL',4,true,180000,29511.49,'Audi',200000,'A4 berline 2,0 tdi 120 pk',120,true,'ALUMINIUM','REGULAR',true);
INSERT INTO car (id,version,amountDowngrade,amountUpgrade,benefit,bluetooth,co2,description,fiscHp,fuelType,functionalLevel,gps,idealKm,listPrice,make,maxKm,model,timeOfDeliveryInDays,towingBracketPossibility,tyreType,carType,orderable) VALUES (1021,1,3548.4,2259.6,170.89,true,113,"",9,'DIESEL',4,true,180000,31070.18,'Skoda',200000,'Superb combi Greenline elegance 1,6 tdi 105 pk',120,true,'STEEL','REGULAR',true);
INSERT INTO car (id,version,amountDowngrade,amountUpgrade,benefit,bluetooth,co2,description,fiscHp,fuelType,functionalLevel,gps,idealKm,listPrice,make,maxKm,model,timeOfDeliveryInDays,towingBracketPossibility,tyreType,carType,orderable) VALUES (1022,1,3614.96,4806.64,104.17,true,95,"",8,'GASOLINE',5,true,180000,32608.02,'vw',200000,'Jetta hybride 1,4 tsi 150 pk dsg',150,false,'ALUMINIUM','REGULAR',true);
INSERT INTO car (id,version,amountDowngrade,amountUpgrade,benefit,bluetooth,co2,description,fiscHp,fuelType,functionalLevel,gps,idealKm,listPrice,make,maxKm,model,timeOfDeliveryInDays,towingBracketPossibility,tyreType,carType,orderable) VALUES (1023,1,7942.24,479.36,139.56,true,105,"",11,'DIESEL',5,true,140000,28316.18,'Audi',180000,'A3 sportback 2,0 tdi 150 pk Attraction',150,true,'ALUMINIUM','REGULAR',true);
INSERT INTO car (id,version,amountDowngrade,amountUpgrade,benefit,bluetooth,co2,description,fiscHp,fuelType,functionalLevel,gps,idealKm,listPrice,make,maxKm,model,timeOfDeliveryInDays,towingBracketPossibility,tyreType,carType,orderable) VALUES (1024,1,7357.86,1063.74,150.31,true,104,"",9,'DIESEL',5,true,180000,30945.61,'Audi',200000,'A4 berline 2,0 tdi ultra 136 pk',120,true,'STEEL','REGULAR',true);
INSERT INTO car (id,version,amountDowngrade,amountUpgrade,benefit,bluetooth,co2,description,fiscHp,fuelType,functionalLevel,gps,idealKm,listPrice,make,maxKm,model,timeOfDeliveryInDays,towingBracketPossibility,tyreType,carType,orderable) VALUES (1025,1,5420.33,3001.27,175.21,true,107,"",9,'DIESEL',5,true,140000,34547.75,'VW',180000,'Passat variant 1,6 tdi 120 pk highline',120,true,'ALUMINIUM','REGULAR',true);
INSERT INTO car (id,version,amountDowngrade,amountUpgrade,benefit,bluetooth,co2,description,fiscHp,fuelType,functionalLevel,gps,idealKm,listPrice,make,maxKm,model,timeOfDeliveryInDays,towingBracketPossibility,tyreType,carType,orderable) VALUES (1026,1,6970.93,1450.67,175.62,true,115,"",9,'DIESEL',5,true,140000,31122.47,'VW',180000,'New Touran 1.6TDI Highline 110 pk BMT 6v',150,true,'ALUMINIUM','REGULAR',true);
INSERT INTO car (id,version,amountDowngrade,amountUpgrade,benefit,bluetooth,co2,description,fiscHp,fuelType,functionalLevel,gps,idealKm,listPrice,make,maxKm,model,timeOfDeliveryInDays,towingBracketPossibility,tyreType,carType,orderable) VALUES (1027,1,4957.47,3464.13,175.94,true,106,"",11,'DIESEL',5,true,180000,35187.49,'VW',200000,'Passat berline 2,0 tdi 150 pk highline',120,true,'ALUMINIUM','REGULAR',true);
INSERT INTO car (id,version,amountDowngrade,amountUpgrade,benefit,bluetooth,co2,description,fiscHp,fuelType,functionalLevel,gps,idealKm,listPrice,make,maxKm,model,timeOfDeliveryInDays,towingBracketPossibility,tyreType,carType,orderable) VALUES (1028,1,5635.71,2785.89,183.17,true,121,"",11,'DIESEL',5,true,180000,30169.23,'Skoda',200000,'superb combi 2,0 tdi 140 pk Greentec',120,true,'STEEL','REGULAR',true);
INSERT INTO car (id,version,amountDowngrade,amountUpgrade,benefit,bluetooth,co2,description,fiscHp,fuelType,functionalLevel,gps,idealKm,listPrice,make,maxKm,model,timeOfDeliveryInDays,towingBracketPossibility,tyreType,carType,orderable) VALUES (1029,1,4343.68,4077.92,193.76,true,123,"",11,'DIESEL',5,true,180000,31180.52,'Audi',200000,'A4 avant 2,0 tdi 120 pk',120,true,'ALUMINIUM','REGULAR',true);
INSERT INTO car (id,version,amountDowngrade,amountUpgrade,benefit,bluetooth,co2,description,fiscHp,fuelType,functionalLevel,gps,idealKm,listPrice,make,maxKm,model,timeOfDeliveryInDays,towingBracketPossibility,tyreType,carType,orderable) VALUES (1030,1,0,1501.75,181.79,true,109,"",11,'DIESEL',6,true,180000,34864.63,'Audi',200000,'A4 avant 2,0 tdi ultra 136 pk 6 v',120,true,'STEEL','REGULAR',true);
INSERT INTO car (id,version,amountDowngrade,amountUpgrade,benefit,bluetooth,co2,description,fiscHp,fuelType,functionalLevel,gps,idealKm,listPrice,make,maxKm,model,timeOfDeliveryInDays,towingBracketPossibility,tyreType,carType,orderable) VALUES (1031,1,0,2487.12,187.98,true,114,"",11,'DIESEL',6,true,180000,33739.6,'Audi',200000,'Q3 2,0 tdi ultra 150 pk',150,true,'ALUMINIUM','REGULAR',true);
INSERT INTO car (id,version,amountDowngrade,amountUpgrade,benefit,bluetooth,co2,description,fiscHp,fuelType,functionalLevel,gps,idealKm,listPrice,make,maxKm,model,timeOfDeliveryInDays,towingBracketPossibility,tyreType,carType,orderable) VALUES (1032,1,0,2963.81,188.6,true,109,"",11,'DIESEL',6,true,180000,36170.39,'Audi',200000,'A4 berline 2,0 tdi 163 pk ultra',120,true,'STEEL','REGULAR',true);
INSERT INTO car (id,version,amountDowngrade,amountUpgrade,benefit,bluetooth,co2,description,fiscHp,fuelType,functionalLevel,gps,idealKm,listPrice,make,maxKm,model,timeOfDeliveryInDays,towingBracketPossibility,tyreType,carType,orderable) VALUES (1033,1,0,3488.23,217.89,true,114,"",11,'DIESEL',6,true,180000,39108.5,'Audi',200000,'A6 berline 2,0 tdi 136 pk',120,true,'ALUMINIUM','REGULAR',true);
INSERT INTO car (id,version,amountDowngrade,amountUpgrade,benefit,bluetooth,co2,description,fiscHp,fuelType,functionalLevel,gps,idealKm,listPrice,make,maxKm,model,timeOfDeliveryInDays,towingBracketPossibility,tyreType,carType,orderable) VALUES (1034,1,0,4376.24,223.6,true,118,"",11,'DIESEL',6,true,180000,38175.3,'Audi',200000,'A5 sportback 2,0 tdi 150 pk',120,true,'ALUMINIUM','REGULAR',true);
INSERT INTO car (id,version,amountDowngrade,amountUpgrade,benefit,bluetooth,co2,description,fiscHp,fuelType,functionalLevel,gps,idealKm,listPrice,make,maxKm,model,timeOfDeliveryInDays,towingBracketPossibility,tyreType,carType,orderable) VALUES (1035,1,0,4827.21,236.78,true,130,"",11,'DIESEL',6,true,140000,35265.09,'Seat',180000,'New Alhambra Style2,0 tdi 150 pk',120,true,'ALUMINIUM','REGULAR',true);
INSERT INTO car (id,version,amountDowngrade,amountUpgrade,benefit,bluetooth,co2,description,fiscHp,fuelType,functionalLevel,gps,idealKm,listPrice,make,maxKm,model,timeOfDeliveryInDays,towingBracketPossibility,tyreType,carType,orderable) VALUES (1036,1,0,5689.32,241.08,true,118,"",11,'DIESEL',6,true,180000,41159.3,'Audi',200000,'A6 avant 2,0 tdi 136 pk',120,true,'ALUMINIUM','REGULAR',true);
INSERT INTO car (id,version,amountDowngrade,amountUpgrade,benefit,bluetooth,co2,description,fiscHp,fuelType,functionalLevel,gps,idealKm,listPrice,make,maxKm,model,timeOfDeliveryInDays,towingBracketPossibility,tyreType,carType,orderable) VALUES (1037,1,0,528.28,240.79,true,130,"",11,'DIESEL',7,true,140000,35862.03,'Seat',180000,'New Alhambra Style2,0 tdi 150 pk',120,true,'ALUMINIUM','REGULAR',true);
INSERT INTO car (id,version,amountDowngrade,amountUpgrade,benefit,bluetooth,co2,description,fiscHp,fuelType,functionalLevel,gps,idealKm,listPrice,make,maxKm,model,timeOfDeliveryInDays,towingBracketPossibility,tyreType,carType,orderable) VALUES (1038,1,0,1090.44,241.4,true,114,"",11,'DIESEL',7,true,180000,43328.04,'Audi',200000,'A6 berline 2,0 tdi 150 pk',120,true,'ALUMINIUM','REGULAR',true);
INSERT INTO car (id,version,amountDowngrade,amountUpgrade,benefit,bluetooth,co2,description,fiscHp,fuelType,functionalLevel,gps,idealKm,listPrice,make,maxKm,model,timeOfDeliveryInDays,towingBracketPossibility,tyreType,carType,orderable) VALUES (1039,1,0,3985.73,253.91,true,114,"",11,'DIESEL',7,true,180000,45574.16,'Audi',200000,'A6 berline 2,0 tdi 190 pk',120,true,'ALUMINIUM','REGULAR',true);
INSERT INTO car (id,version,amountDowngrade,amountUpgrade,benefit,bluetooth,co2,description,fiscHp,fuelType,functionalLevel,gps,idealKm,listPrice,make,maxKm,model,timeOfDeliveryInDays,towingBracketPossibility,tyreType,carType,orderable) VALUES (1040,1,0,3464.29,265.79,true,118,"",11,'DIESEL',7,true,180000,45378.84,'Audi',200000,'A6 avant 2,0 tdi 150 pk',120,true,'ALUMINIUM','REGULAR',true);
INSERT INTO car (id,version,amountDowngrade,amountUpgrade,benefit,bluetooth,co2,description,fiscHp,fuelType,functionalLevel,gps,idealKm,listPrice,make,maxKm,model,timeOfDeliveryInDays,towingBracketPossibility,tyreType,carType,orderable) VALUES (1041,1,0,3393.44,266.01,true,129,"",11,'DIESEL',7,true,180000,40044.08,'Audi',200000,'Q5 2,0 tdi150 pk',180,true,'ALUMINIUM','REGULAR',true);
INSERT INTO car (id,version,amountDowngrade,amountUpgrade,benefit,bluetooth,co2,description,fiscHp,fuelType,functionalLevel,gps,idealKm,listPrice,make,maxKm,model,timeOfDeliveryInDays,towingBracketPossibility,tyreType,carType,orderable) VALUES (1042,1,0,5625.56,282.35,true,119,"",11,'DIESEL',7,true,180000,47624.93,'Audi',200000,'A6 Avant 2,0 tdi 190 pk',120,true,'ALUMINIUM','REGULAR',true);
INSERT INTO car (id,version,amountDowngrade,amountUpgrade,benefit,bluetooth,co2,description,fiscHp,fuelType,functionalLevel,gps,idealKm,listPrice,make,maxKm,model,timeOfDeliveryInDays,towingBracketPossibility,tyreType,carType,orderable) VALUES (1043,1,0,3313.17,290.38,true,130,"",11,'DIESEL',7,true,140000,43247.62,'VW',180000,'New Sharan Comfortline 2,0 tdi 150 pk',150,true,'STEEL','REGULAR',true);
INSERT INTO caroption (id,version,description) VALUES (1000,1,"Cruise Control");
INSERT INTO caroption (id,version,description) VALUES (1001,1,"Dakrails");
INSERT INTO caroption (id,version,description) VALUES (1002,1,"Trekhaak tot 750kg");
INSERT INTO caroption (id,version,description) VALUES (1003,1,"Trekhaak > 750kg");
INSERT INTO caroption (id,version,description) VALUES (1004,1,"Automaat");
INSERT INTO caroption (id,version,description) VALUES (1005,1,"7-Zits");
INSERT INTO caroption (id,version,description) VALUES (1006,1,"Reservewiel");
INSERT INTO caroption (id,version,description) VALUES (1007,1,"Parkeersensoren");
INSERT INTO caroption (id,version,description) VALUES (1008,1,"Lederen interieur");
INSERT INTO caroption (id,version,description) VALUES (1009,1,"Verwarmde zetels");
INSERT INTO caroption (id,version,description) VALUES (1010,1,"Getinte ruiten");
INSERT INTO pack (id,version,name) VALUES (1000,1,"Pack Intuition Plus");
INSERT INTO pack (id,version,name) VALUES (1001,1,"Pack Electronic");
INSERT INTO pack (id,version,name) VALUES (1002,1,"Pack Dynamic");
INSERT INTO pack (id,version,name) VALUES (1003,1,"Pack LED");
INSERT INTO pack (id,version,name) VALUES (1004,1,"Pack ambition Gps");
INSERT INTO pack (id,version,name) VALUES (1005,1,"Pack ambition GPS TomTom Via 135 LTM");
INSERT INTO pack (id,version,name) VALUES (1006,1,"Pack Business Class @ discover Pro");
INSERT INTO pack (id,version,name) VALUES (1007,1,"Pack Business Class @ discover Media");
INSERT INTO pack (id,version,name) VALUES (1008,1,"Pack business @ Gps Discover Media");
INSERT INTO pack (id,version,name) VALUES (1009,1,"Pack Comfort 2");
INSERT INTO pack (id,version,name) VALUES (1010,1,"Pack Intuition Plus");
INSERT INTO pack (id,version,name) VALUES (1011,1,"Pack Lounge");
INSERT INTO pack (id,version,name) VALUES (1012,1,"Pack Business Class @ discover Media");
INSERT INTO pack (id,version,name) VALUES (1013,1,"Pack Company Amundsen");
INSERT INTO pack (id,version,name) VALUES (1014,1,"Business Media Pack");
INSERT INTO pack_items (Pack_id,items) VALUES (1000,"metaalkleur (behalve Exclusive kleuren)");
INSERT INTO pack_items (Pack_id,items) VALUES (1000,"elektronische klimaatregeling");
INSERT INTO pack_items (Pack_id,items) VALUES (1000,"GPS met SD-kaart");
INSERT INTO pack_items (Pack_id,items) VALUES (1000,"alu velgen 10 spaken 16");
INSERT INTO pack_items (Pack_id,items) VALUES (1000,"Acoustic Parking System achteraan");
INSERT INTO pack_items (Pack_id,items) VALUES (1000,"Audi Music Interface");
INSERT INTO pack_items (Pack_id,items) VALUES (1000,"Bluetooth connectie (telefoon en audio)");
INSERT INTO pack_items (Pack_id,items) VALUES (1000,"multifunctiestuur");
INSERT INTO pack_items (Pack_id,items) VALUES (1000,"boordcomputer");
INSERT INTO pack_items (Pack_id,items) VALUES (1001,"regensensor, Automatische lichten,");
INSERT INTO pack_items (Pack_id,items) VALUES (1001,"snelheidsregelaar");
INSERT INTO pack_items (Pack_id,items) VALUES (1001,"Parkeersensoren achteraan");
INSERT INTO pack_items (Pack_id,items) VALUES (1001,"Seat Portable System");
INSERT INTO pack_items (Pack_id,items) VALUES (1001,"Gps, Bluetooth, Micro-SD slot, aanraakscherm");
INSERT INTO pack_items (Pack_id,items) VALUES (1001,"Opbergmodule");
INSERT INTO pack_items (Pack_id,items) VALUES (1001,"Centrale armsteun, opbergladen onder voorzetels");
INSERT INTO pack_items (Pack_id,items) VALUES (1002,"Automatische koplampen, ruitenwisser, achteruitkijkspiegel");
INSERT INTO pack_items (Pack_id,items) VALUES (1002,"Parkeersensoren V + A");
INSERT INTO pack_items (Pack_id,items) VALUES (1002,"Radio/CD/GPS met Bluetooth, aux-in en USB");
INSERT INTO pack_items (Pack_id,items) VALUES (1003,"LED koplampen + achterlichten met LED technologie");
INSERT INTO pack_items (Pack_id,items) VALUES (1004,"GPS Amundsen");
INSERT INTO pack_items (Pack_id,items) VALUES (1004,"Tuner DAB");
INSERT INTO pack_items (Pack_id,items) VALUES (1004,"boord computer maxi dot");
INSERT INTO pack_items (Pack_id,items) VALUES (1004,"multifunktioneel stuur");
INSERT INTO pack_items (Pack_id,items) VALUES (1004,"bluetooth");
INSERT INTO pack_items (Pack_id,items) VALUES (1004,"lane assist");
INSERT INTO pack_items (Pack_id,items) VALUES (1004,"vloer tapijten");
INSERT INTO pack_items (Pack_id,items) VALUES (1005,"Climatronic");
INSERT INTO pack_items (Pack_id,items) VALUES (1005,"armsteun vooraan");
INSERT INTO pack_items (Pack_id,items) VALUES (1005,"Gps tomtom");
INSERT INTO pack_items (Pack_id,items) VALUES (1005,"radio cd swing mp3");
INSERT INTO pack_items (Pack_id,items) VALUES (1006,"Climatronic");
INSERT INTO pack_items (Pack_id,items) VALUES (1006,"8 luidsprekers");
INSERT INTO pack_items (Pack_id,items) VALUES (1006,"3D navigatie met 8 inch aanraakscherm");
INSERT INTO pack_items (Pack_id,items) VALUES (1006,"Aux in, USB, 2xSD");
INSERT INTO pack_items (Pack_id,items) VALUES (1006,"weergave foto, MP3, Divx, …");
INSERT INTO pack_items (Pack_id,items) VALUES (1006,"Bluetooth connectie (telefoon en audio)");
INSERT INTO pack_items (Pack_id,items) VALUES (1006,"SSD harde schijf");
INSERT INTO pack_items (Pack_id,items) VALUES (1006,"Parkeersensoren voor en achter");
INSERT INTO pack_items (Pack_id,items) VALUES (1006,"Park Assist (=semi-automatisch parkeren)");
INSERT INTO pack_items (Pack_id,items) VALUES (1006,"Elektrisch inklapbare spiegels (automatisch met het afsluiten)");
INSERT INTO pack_items (Pack_id,items) VALUES (1006,"Licht- en zichtmodule (automatische lichten en regensensor)");
INSERT INTO pack_items (Pack_id,items) VALUES (1007,"Metaalkleur");
INSERT INTO pack_items (Pack_id,items) VALUES (1007,"Climatronic");
INSERT INTO pack_items (Pack_id,items) VALUES (1007,"8 luidsprekers");
INSERT INTO pack_items (Pack_id,items) VALUES (1007,"Navigatie met 5,8 inch aanraakscherm");
INSERT INTO pack_items (Pack_id,items) VALUES (1007,"CD-lezer");
INSERT INTO pack_items (Pack_id,items) VALUES (1007,"Aux in, USB, SD");
INSERT INTO pack_items (Pack_id,items) VALUES (1007,"Bluetooth connectie (telefoon en audio)");
INSERT INTO pack_items (Pack_id,items) VALUES (1007,"Armsteun vooraan");
INSERT INTO pack_items (Pack_id,items) VALUES (1007,"Parkeersensoren voor en achter");
INSERT INTO pack_items (Pack_id,items) VALUES (1007,"Park Assist (=semi-automatisch parkeren)");
INSERT INTO pack_items (Pack_id,items) VALUES (1007,"Elektrisch inklapbare spiegels (automatisch met het afsluiten)");
INSERT INTO pack_items (Pack_id,items) VALUES (1007,"Licht- en zichtmodule (automatische lichten en regensensor)");
INSERT INTO pack_items (Pack_id,items) VALUES (1008,"Bediening aan het stuur van de boordcomputer, radio en telefoon");
INSERT INTO pack_items (Pack_id,items) VALUES (1008,"Boordcomputer  inchPlus inch");
INSERT INTO pack_items (Pack_id,items) VALUES (1008,"GPS Discover Media");
INSERT INTO pack_items (Pack_id,items) VALUES (1008,"bluetooth");
INSERT INTO pack_items (Pack_id,items) VALUES (1008,"sd-card reader");
INSERT INTO pack_items (Pack_id,items) VALUES (1008,"detail Europa");
INSERT INTO pack_items (Pack_id,items) VALUES (1009,"Centrale armsteun vooraan");
INSERT INTO pack_items (Pack_id,items) VALUES (1009,"Cruise control");
INSERT INTO pack_items (Pack_id,items) VALUES (1009,"Climatronic (automatische airco)");
INSERT INTO pack_items (Pack_id,items) VALUES (1011,"binnenbekleding leder Milano");
INSERT INTO pack_items (Pack_id,items) VALUES (1011,"verwarmde zetels vooraan");
INSERT INTO pack_items (Pack_id,items) VALUES (1011,"opbergmodule");
INSERT INTO pack_items (Pack_id,items) VALUES (1011,"licht- en regensensor");
INSERT INTO pack_items (Pack_id,items) VALUES (1011,"automatische binnenspiegel dag-nacht");
INSERT INTO pack_items (Pack_id,items) VALUES (1013,"cruise control");
INSERT INTO pack_items (Pack_id,items) VALUES (1013,"GPS Amundsen");
INSERT INTO pack_items (Pack_id,items) VALUES (1013,"boord computer maxi dot");
INSERT INTO pack_items (Pack_id,items) VALUES (1013,"multifunktioneel stuur");
INSERT INTO pack_items (Pack_id,items) VALUES (1013,"bluetooth");
INSERT INTO pack_items (Pack_id,items) VALUES (1013,"vloer tapijten");
INSERT INTO pack_items (Pack_id,items) VALUES (1013,"accoustic parking system voor/ achteraan");
INSERT INTO pack_items (Pack_id,items) VALUES (1013,"binnen/buitenspiegels met dimfunktie");
INSERT INTO pack_items (Pack_id,items) VALUES (1014,"GPS Discover Media");
INSERT INTO pack_items (Pack_id,items) VALUES (1014,"8 luidsprekers");
INSERT INTO pack_items (Pack_id,items) VALUES (1014,"Navigatie met 5,8 inch aanraakscherm");
INSERT INTO pack_items (Pack_id,items) VALUES (1014,"Navigatiegegevens Europa op SD-kaart");
INSERT INTO pack_items (Pack_id,items) VALUES (1014,"CD-lezer");
INSERT INTO pack_items (Pack_id,items) VALUES (1014,"Aux in, USB, SD");
INSERT INTO pack_items (Pack_id,items) VALUES (1014,"Bluetooth connectie (telefoon en audio)");
INSERT INTO pack_items (Pack_id,items) VALUES (1014,"Climatronic (3-zones)");
INSERT INTO pack_items (Pack_id,items) VALUES (1014,"Boordcomputer PREMIUM");
INSERT INTO car_pack (Car_id,packs_id) VALUES (1000,1000);
INSERT INTO car_pack (Car_id,packs_id) VALUES (1000,1010);
INSERT INTO car_pack (Car_id,packs_id) VALUES (1001,1001);
INSERT INTO car_pack (Car_id,packs_id) VALUES (1002,1002);
INSERT INTO car_pack (Car_id,packs_id) VALUES (1003,1004);
INSERT INTO car_pack (Car_id,packs_id) VALUES (1004,1004);
INSERT INTO car_pack (Car_id,packs_id) VALUES (1008,1009);
INSERT INTO car_pack (Car_id,packs_id) VALUES (1009,1000);
INSERT INTO car_pack (Car_id,packs_id) VALUES (1009,1010);
INSERT INTO car_pack (Car_id,packs_id) VALUES (1009,1011);
INSERT INTO car_pack (Car_id,packs_id) VALUES (1011,1013);
INSERT INTO car_pack (Car_id,packs_id) VALUES (1013,1013);
INSERT INTO car_pack (Car_id,packs_id) VALUES (1023,1000);
INSERT INTO car_pack (Car_id,packs_id) VALUES (1023,1010);
INSERT INTO car_pack (Car_id,packs_id) VALUES (1023,1011);
INSERT INTO car_pack (Car_id,packs_id) VALUES (1030,1011);
INSERT INTO car_pack (Car_id,packs_id) VALUES (1032,1011);
INSERT INTO car_pack (Car_id,packs_id) VALUES (1034,1011);
INSERT INTO car_pack (Car_id,packs_id) VALUES (1038,1011);
INSERT INTO car_pack (Car_id,packs_id) VALUES (1039,1011);
INSERT INTO car_pack (Car_id,packs_id) VALUES (1040,1011);
INSERT INTO car_pack (Car_id,packs_id) VALUES (1041,1011);
INSERT INTO car_pack (Car_id,packs_id) VALUES (1042,1011);
INSERT INTO employeecar (id,version,carStatus,mileage,licensePlate,selectedCar_id) VALUES (1000,1,"REMOVED",160345,"8-YQQ-296",1004);
INSERT INTO employeecar (id,version,carStatus,mileage,licensePlate,selectedCar_id) VALUES (1001,1,"NOT_USED",68600,"8-HCX-875",1001);
INSERT INTO employeecar (id,version,carStatus,mileage,licensePlate,selectedCar_id) VALUES (1002,1,"REMOVED",98859,"8-UVA-867",1023);
INSERT INTO employeecar (id,version,carStatus,mileage,licensePlate,selectedCar_id) VALUES (1003,1,"NOT_USED",79087,"0-LSS-676",1025);
INSERT INTO employeecar (id,version,carStatus,mileage,licensePlate,selectedCar_id) VALUES (1004,1,"REMOVED",164069,"1-FVY-329",1016);
INSERT INTO employeecar (id,version,carStatus,mileage,licensePlate,selectedCar_id) VALUES (1005,1,"NOT_USED",57374,"9-ZYR-852",1020);
INSERT INTO employeecar (id,version,carStatus,mileage,licensePlate,selectedCar_id) VALUES (1006,1,"REMOVED",161575,"8-HFA-913",1024);
INSERT INTO employeecar (id,version,carStatus,mileage,licensePlate,selectedCar_id) VALUES (1007,1,"IN_USE",89543,"2-XBK-603",1026);
INSERT INTO employeecar (id,version,carStatus,mileage,licensePlate,selectedCar_id) VALUES (1008,1,"REMOVED",83745,"0-GRF-367",1032);
INSERT INTO employeecar (id,version,carStatus,mileage,licensePlate,selectedCar_id) VALUES (1009,1,"IN_USE",29490,"9-BSW-304",1035);
INSERT INTO employeecar (id,version,carStatus,mileage,licensePlate,selectedCar_id) VALUES (1010,1,"REMOVED",23271,"7-PTQ-172",1031);
INSERT INTO employeecar (id,version,carStatus,mileage,licensePlate,selectedCar_id) VALUES (1011,1,"IN_USE",91291,"7-DGX-014",1035);
INSERT INTO employeecar (id,version,carStatus,mileage,licensePlate,selectedCar_id) VALUES (1012,1,"REMOVED",164095,"2-DJD-889",1033);
INSERT INTO employeecar (id,version,carStatus,mileage,licensePlate,selectedCar_id) VALUES (1013,1,"IN_USE",7097,"9-IAJ-993",1035);
INSERT INTO employeecar (id,version,carStatus,mileage,licensePlate,selectedCar_id) VALUES (1014,1,"REMOVED",164957,"0-OKP-524",1012);
INSERT INTO employeecar (id,version,carStatus,mileage,licensePlate,selectedCar_id) VALUES (1015,1,"IN_USE",88935,"8-PDH-880",1013);
INSERT INTO employeecar (id,version,carStatus,mileage,licensePlate,selectedCar_id) VALUES (1016,1,"REMOVED",30708,"4-KYG-516",1028);
INSERT INTO employeecar (id,version,carStatus,mileage,licensePlate,selectedCar_id) VALUES (1017,1,"IN_USE",160100,"2-LXK-638",1025);
INSERT INTO employeecar (id,version,carStatus,mileage,licensePlate,selectedCar_id) VALUES (1018,1,"REMOVED",160805,"2-BAS-817",1026);
INSERT INTO employeecar (id,version,carStatus,mileage,licensePlate,selectedCar_id) VALUES (1019,1,"IN_USE",66266,"8-ZEY-310",1027);
INSERT INTO employeecar (id,version,carStatus,mileage,licensePlate,selectedCar_id) VALUES (1020,1,"REMOVED",63345,"5-XHN-488",1031);
INSERT INTO employeecar (id,version,carStatus,mileage,licensePlate,selectedCar_id) VALUES (1021,1,"IN_USE",65979,"9-OOT-863",1032);
INSERT INTO employeecar (id,version,carStatus,mileage,licensePlate,selectedCar_id) VALUES (1022,1,"REMOVED",89940,"4-EDN-143",1028);
INSERT INTO employeecar (id,version,carStatus,mileage,licensePlate,selectedCar_id) VALUES (1023,1,"IN_USE",41268,"3-RIO-028",1025);
INSERT INTO employeecar (id,version,carStatus,mileage,licensePlate,selectedCar_id) VALUES (1024,1,"REMOVED",163941,"4-FZM-734",1019);
INSERT INTO employeecar (id,version,carStatus,mileage,licensePlate,selectedCar_id) VALUES (1025,1,"IN_USE",31648,"3-ALP-207",1019);
INSERT INTO employeecar (id,version,carStatus,mileage,licensePlate,selectedCar_id) VALUES (1026,1,"REMOVED",160561,"4-YFO-307",1029);
INSERT INTO employeecar (id,version,carStatus,mileage,licensePlate,selectedCar_id) VALUES (1027,1,"IN_USE",47166,"8-ZHY-365",1023);
INSERT INTO employeecar (id,version,carStatus,mileage,licensePlate,selectedCar_id) VALUES (1028,1,"REMOVED",163842,"2-PIZ-993",1016);
INSERT INTO employeecar (id,version,carStatus,mileage,licensePlate,selectedCar_id) VALUES (1029,1,"IN_USE",99210,"3-MZM-244",1019);
INSERT INTO employeecar (id,version,carStatus,mileage,licensePlate,selectedCar_id) VALUES (1030,1,"REMOVED",40229,"0-WRL-068",1030);
INSERT INTO employeecar (id,version,carStatus,mileage,licensePlate,selectedCar_id) VALUES (1031,1,"IN_USE",71764,"9-CBI-343",1035);
INSERT INTO employeecar (id,version,carStatus,mileage,licensePlate,selectedCar_id) VALUES (1032,1,"REMOVED",69204,"1-RIB-102",1018);
INSERT INTO employeecar (id,version,carStatus,mileage,licensePlate,selectedCar_id) VALUES (1033,1,"IN_USE",87213,"8-OAI-307",1016);
INSERT INTO employeecar (id,version,carStatus,mileage,licensePlate,selectedCar_id) VALUES (1034,1,"REMOVED",162323,"4-NKM-461",1021);
INSERT INTO employeecar (id,version,carStatus,mileage,licensePlate,selectedCar_id) VALUES (1035,1,"IN_USE",84463,"0-UMD-285",1021);
INSERT INTO employeecar (id,version,carStatus,mileage,licensePlate,selectedCar_id) VALUES (1036,1,"REMOVED",162989,"6-TKM-673",1011);
INSERT INTO employeecar (id,version,carStatus,mileage,licensePlate,selectedCar_id) VALUES (1037,1,"IN_USE",87905,"4-IKB-702",1014);
INSERT INTO employeecar (id,version,carStatus,mileage,licensePlate,selectedCar_id) VALUES (1038,1,"REMOVED",76367,"6-LXV-967",1030);
INSERT INTO employeecar (id,version,carStatus,mileage,licensePlate,selectedCar_id) VALUES (1039,1,"IN_USE",19555,"9-SMW-477",1032);
INSERT INTO employeecar (id,version,carStatus,mileage,licensePlate,selectedCar_id) VALUES (1040,1,"REMOVED",161625,"8-FBL-166",1011);
INSERT INTO employeecar (id,version,carStatus,mileage,licensePlate,selectedCar_id) VALUES (1041,1,"IN_USE",83900,"1-DCI-771",1010);
INSERT INTO employeecar (id,version,carStatus,mileage,licensePlate,selectedCar_id) VALUES (1042,1,"REMOVED",164053,"8-QSQ-482",1015);
INSERT INTO employeecar (id,version,carStatus,mileage,licensePlate,selectedCar_id) VALUES (1043,1,"IN_USE",53347,"8-IXY-142",1015);
INSERT INTO employeecar (id,version,carStatus,mileage,licensePlate,selectedCar_id) VALUES (1044,1,"REMOVED",160154,"3-UNY-936",1002);
INSERT INTO employeecar (id,version,carStatus,mileage,licensePlate,selectedCar_id) VALUES (1045,1,"IN_USE",95973,"0-ZKV-219",1002);
INSERT INTO employeecar (id,version,carStatus,mileage,licensePlate,selectedCar_id) VALUES (1046,1,"REMOVED",95850,"7-SMU-802",1034);
INSERT INTO employeecar (id,version,carStatus,mileage,licensePlate,selectedCar_id) VALUES (1047,1,"IN_USE",91283,"2-KZT-604",1036);
INSERT INTO employeecar (id,version,carStatus,mileage,licensePlate,selectedCar_id) VALUES (1048,1,"REMOVED",53756,"7-FND-256",1034);
INSERT INTO employeecar (id,version,carStatus,mileage,licensePlate,selectedCar_id) VALUES (1049,1,"IN_USE",68249,"1-TND-571",1034);
INSERT INTO employeecar (id,version,carStatus,mileage,licensePlate,selectedCar_id) VALUES (1050,1,"REMOVED",162963,"5-HHI-032",1030);
INSERT INTO employeecar (id,version,carStatus,mileage,licensePlate,selectedCar_id) VALUES (1051,1,"IN_USE",98528,"7-IOF-972",1030);
INSERT INTO employeecar (id,version,carStatus,mileage,licensePlate,selectedCar_id) VALUES (1052,1,"REMOVED",42467,"6-UDP-035",1023);
INSERT INTO employeecar (id,version,carStatus,mileage,licensePlate,selectedCar_id) VALUES (1053,1,"IN_USE",103441,"7-JXI-656",1027);
INSERT INTO employeecar (id,version,carStatus,mileage,licensePlate,selectedCar_id) VALUES (1054,1,"REMOVED",160090,"0-MVS-410",1027);
INSERT INTO employeecar (id,version,carStatus,mileage,licensePlate,selectedCar_id) VALUES (1055,1,"IN_USE",66917,"3-KPE-888",1028);
INSERT INTO employeecar (id,version,carStatus,mileage,licensePlate,selectedCar_id) VALUES (1056,1,"REMOVED",160725,"6-CHK-192",1018);
INSERT INTO employeecar (id,version,carStatus,mileage,licensePlate,selectedCar_id) VALUES (1057,1,"IN_USE",96028,"6-ARH-215",1021);
INSERT INTO employeecar (id,version,carStatus,mileage,licensePlate,selectedCar_id) VALUES (1058,1,"REMOVED",161589,"4-UWZ-547",1018);
INSERT INTO employeecar (id,version,carStatus,mileage,licensePlate,selectedCar_id) VALUES (1059,1,"IN_USE",17892,"6-MZY-947",1017);
INSERT INTO employeecar (id,version,carStatus,mileage,licensePlate,selectedCar_id) VALUES (1060,1,"REMOVED",163065,"6-NUX-518",1005);
INSERT INTO employeecar (id,version,carStatus,mileage,licensePlate,selectedCar_id) VALUES (1061,1,"IN_USE",70430,"5-YUO-828",1002);
INSERT INTO employeecar (id,version,carStatus,mileage,licensePlate,selectedCar_id) VALUES (1062,1,"REMOVED",164890,"5-FJK-468",1032);
INSERT INTO employeecar (id,version,carStatus,mileage,licensePlate,selectedCar_id) VALUES (1063,1,"IN_USE",53489,"5-QHC-720",1034);
INSERT INTO employeecar (id,version,carStatus,mileage,licensePlate,selectedCar_id) VALUES (1064,1,"REMOVED",6945,"1-HZX-913",1004);
INSERT INTO employeecar (id,version,carStatus,mileage,licensePlate,selectedCar_id) VALUES (1065,1,"IN_USE",28431,"7-HGQ-320",1006);
INSERT INTO employeecar (id,version,carStatus,mileage,licensePlate,selectedCar_id) VALUES (1066,1,"REMOVED",92062,"2-LPF-288",1010);
INSERT INTO employeecar (id,version,carStatus,mileage,licensePlate,selectedCar_id) VALUES (1067,1,"IN_USE",46877,"5-DPD-992",1009);
INSERT INTO employeecar (id,version,carStatus,mileage,licensePlate,selectedCar_id) VALUES (1068,1,"REMOVED",160651,"9-UDE-216",1029);
INSERT INTO employeecar (id,version,carStatus,mileage,licensePlate,selectedCar_id) VALUES (1069,1,"IN_USE",20295,"2-HUG-265",1028);
INSERT INTO employeecar (id,version,carStatus,mileage,licensePlate,selectedCar_id) VALUES (1070,1,"REMOVED",161616,"1-MHY-040",1005);
INSERT INTO employeecar (id,version,carStatus,mileage,licensePlate,selectedCar_id) VALUES (1071,1,"IN_USE",83743,"2-HET-986",1000);
INSERT INTO employeecar (id,version,carStatus,mileage,licensePlate,selectedCar_id) VALUES (1072,1,"REMOVED",11325,"3-RUM-933",1032);
INSERT INTO employeecar (id,version,carStatus,mileage,licensePlate,selectedCar_id) VALUES (1073,1,"IN_USE",60291,"2-DJY-614",1032);
INSERT INTO employeecar (id,version,carStatus,mileage,licensePlate,selectedCar_id) VALUES (1074,1,"REMOVED",101476,"3-NNT-304",1005);
INSERT INTO employeecar (id,version,carStatus,mileage,licensePlate,selectedCar_id) VALUES (1075,1,"IN_USE",39247,"3-YTR-925",1003);
INSERT INTO employeecar (id,version,carStatus,mileage,licensePlate,selectedCar_id) VALUES (1076,1,"REMOVED",162422,"8-WYK-698",1001);
INSERT INTO employeecar (id,version,carStatus,mileage,licensePlate,selectedCar_id) VALUES (1077,1,"IN_USE",71009,"1-SBR-215",1001);
INSERT INTO employeecar (id,version,carStatus,mileage,licensePlate,selectedCar_id) VALUES (1078,1,"REMOVED",104826,"4-LPT-785",1035);
INSERT INTO employeecar (id,version,carStatus,mileage,licensePlate,selectedCar_id) VALUES (1079,1,"IN_USE",75881,"1-QXG-158",1033);
INSERT INTO employeecar (id,version,carStatus,mileage,licensePlate,selectedCar_id) VALUES (1080,1,"REMOVED",22520,"1-VGO-472",1002);
INSERT INTO employeecar (id,version,carStatus,mileage,licensePlate,selectedCar_id) VALUES (1081,1,"IN_USE",19147,"7-BTI-140",1000);
INSERT INTO employeecar (id,version,carStatus,mileage,licensePlate,selectedCar_id) VALUES (1082,1,"REMOVED",99339,"7-XVX-673",1005);
INSERT INTO employeecar (id,version,carStatus,mileage,licensePlate,selectedCar_id) VALUES (1083,1,"IN_USE",78876,"2-FTK-073",1001);
INSERT INTO employeecar (id,version,carStatus,mileage,licensePlate,selectedCar_id) VALUES (1084,1,"REMOVED",161938,"4-QKG-193",1021);
INSERT INTO employeecar (id,version,carStatus,mileage,licensePlate,selectedCar_id) VALUES (1085,1,"IN_USE",35295,"2-ULG-425",1019);
INSERT INTO employeecar (id,version,carStatus,mileage,licensePlate,selectedCar_id) VALUES (1086,1,"REMOVED",160550,"0-HGM-664",1015);
INSERT INTO employeecar (id,version,carStatus,mileage,licensePlate,selectedCar_id) VALUES (1087,1,"IN_USE",32456,"7-ZJM-446",1019);
INSERT INTO employeecar (id,version,carStatus,mileage,licensePlate,selectedCar_id) VALUES (1088,1,"REMOVED",10493,"8-QQE-851",1019);
INSERT INTO employeecar (id,version,carStatus,mileage,licensePlate,selectedCar_id) VALUES (1089,1,"IN_USE",29268,"5-MCK-863",1021);
INSERT INTO employeecar (id,version,carStatus,mileage,licensePlate,selectedCar_id) VALUES (1090,1,"REMOVED",160496,"0-HYC-739",1019);
INSERT INTO employeecar (id,version,carStatus,mileage,licensePlate,selectedCar_id) VALUES (1091,1,"IN_USE",72076,"6-NJX-650",1015);
INSERT INTO employeecar (id,version,carStatus,mileage,licensePlate,selectedCar_id) VALUES (1092,1,"REMOVED",79412,"9-EYY-420",1005);
INSERT INTO employeecar (id,version,carStatus,mileage,licensePlate,selectedCar_id) VALUES (1093,1,"IN_USE",87108,"3-DAA-808",1005);
INSERT INTO employeecar (id,version,carStatus,mileage,licensePlate,selectedCar_id) VALUES (1094,1,"REMOVED",10416,"2-ALK-839",1027);
INSERT INTO employeecar (id,version,carStatus,mileage,licensePlate,selectedCar_id) VALUES (1095,1,"PENDING",30426,"8-AKS-330",1028);
INSERT INTO employeecar (id,version,carStatus,mileage,licensePlate,selectedCar_id) VALUES (1096,1,"REMOVED",162508,"3-MZO-962",1002);
INSERT INTO employeecar (id,version,carStatus,mileage,licensePlate,selectedCar_id) VALUES (1097,1,"IN_USE",48419,"7-GFJ-277",1007);
INSERT INTO employeecar (id,version,carStatus,mileage,licensePlate,selectedCar_id) VALUES (1098,1,"REMOVED",164023,"3-NBT-051",1019);
INSERT INTO employeecar (id,version,carStatus,mileage,licensePlate,selectedCar_id) VALUES (1099,1,"IN_USE",45270,"4-MLS-009",1018);
INSERT INTO employeecar_caroption (EmployeeCar_id,carOptions_id) VALUES (1000,1001);
INSERT INTO employeecar_caroption (EmployeeCar_id,carOptions_id) VALUES (1000,1005);
INSERT INTO employeecar_caroption (EmployeeCar_id,carOptions_id) VALUES (1001,1006);
INSERT INTO employeecar_caroption (EmployeeCar_id,carOptions_id) VALUES (1001,1007);
INSERT INTO employeecar_caroption (EmployeeCar_id,carOptions_id) VALUES (1002,1002);
INSERT INTO employeecar_caroption (EmployeeCar_id,carOptions_id) VALUES (1002,1010);
INSERT INTO employeecar_caroption (EmployeeCar_id,carOptions_id) VALUES (1003,1003);
INSERT INTO employeecar_caroption (EmployeeCar_id,carOptions_id) VALUES (1003,1006);
INSERT INTO employeecar_caroption (EmployeeCar_id,carOptions_id) VALUES (1004,1002);
INSERT INTO employeecar_caroption (EmployeeCar_id,carOptions_id) VALUES (1004,1004);
INSERT INTO employeecar_caroption (EmployeeCar_id,carOptions_id) VALUES (1004,1009);
INSERT INTO employeecar_caroption (EmployeeCar_id,carOptions_id) VALUES (1005,1000);
INSERT INTO employeecar_caroption (EmployeeCar_id,carOptions_id) VALUES (1005,1003);
INSERT INTO employeecar_caroption (EmployeeCar_id,carOptions_id) VALUES (1005,1006);
INSERT INTO employeecar_caroption (EmployeeCar_id,carOptions_id) VALUES (1006,1008);
INSERT INTO employeecar_caroption (EmployeeCar_id,carOptions_id) VALUES (1007,1002);
INSERT INTO employeecar_caroption (EmployeeCar_id,carOptions_id) VALUES (1007,1010);
INSERT INTO employeecar_caroption (EmployeeCar_id,carOptions_id) VALUES (1008,1000);
INSERT INTO employeecar_caroption (EmployeeCar_id,carOptions_id) VALUES (1008,1007);
INSERT INTO employeecar_caroption (EmployeeCar_id,carOptions_id) VALUES (1009,1003);
INSERT INTO employeecar_caroption (EmployeeCar_id,carOptions_id) VALUES (1010,1001);
INSERT INTO employeecar_caroption (EmployeeCar_id,carOptions_id) VALUES (1010,1009);
INSERT INTO employeecar_caroption (EmployeeCar_id,carOptions_id) VALUES (1011,1001);
INSERT INTO employeecar_caroption (EmployeeCar_id,carOptions_id) VALUES (1011,1006);
INSERT INTO employeecar_caroption (EmployeeCar_id,carOptions_id) VALUES (1012,1004);
INSERT INTO employeecar_caroption (EmployeeCar_id,carOptions_id) VALUES (1012,1009);
INSERT INTO employeecar_caroption (EmployeeCar_id,carOptions_id) VALUES (1013,1003);
INSERT INTO employeecar_caroption (EmployeeCar_id,carOptions_id) VALUES (1014,1002);
INSERT INTO employeecar_caroption (EmployeeCar_id,carOptions_id) VALUES (1014,1006);
INSERT INTO employeecar_caroption (EmployeeCar_id,carOptions_id) VALUES (1014,1007);
INSERT INTO employeecar_caroption (EmployeeCar_id,carOptions_id) VALUES (1015,1000);
INSERT INTO employeecar_caroption (EmployeeCar_id,carOptions_id) VALUES (1015,1004);
INSERT INTO employeecar_caroption (EmployeeCar_id,carOptions_id) VALUES (1016,1000);
INSERT INTO employeecar_caroption (EmployeeCar_id,carOptions_id) VALUES (1016,1003);
INSERT INTO employeecar_caroption (EmployeeCar_id,carOptions_id) VALUES (1016,1005);
INSERT INTO employeecar_caroption (EmployeeCar_id,carOptions_id) VALUES (1017,1005);
INSERT INTO employeecar_caroption (EmployeeCar_id,carOptions_id) VALUES (1018,1005);
INSERT INTO employeecar_caroption (EmployeeCar_id,carOptions_id) VALUES (1018,1008);
INSERT INTO employeecar_caroption (EmployeeCar_id,carOptions_id) VALUES (1019,1007);
INSERT INTO employeecar_caroption (EmployeeCar_id,carOptions_id) VALUES (1019,1009);
INSERT INTO employeecar_caroption (EmployeeCar_id,carOptions_id) VALUES (1020,1010);
INSERT INTO employeecar_caroption (EmployeeCar_id,carOptions_id) VALUES (1021,1000);
INSERT INTO employeecar_caroption (EmployeeCar_id,carOptions_id) VALUES (1021,1001);
INSERT INTO employeecar_caroption (EmployeeCar_id,carOptions_id) VALUES (1021,1007);
INSERT INTO employeecar_caroption (EmployeeCar_id,carOptions_id) VALUES (1022,1004);
INSERT INTO employeecar_caroption (EmployeeCar_id,carOptions_id) VALUES (1022,1008);
INSERT INTO employeecar_caroption (EmployeeCar_id,carOptions_id) VALUES (1023,1003);
INSERT INTO employeecar_caroption (EmployeeCar_id,carOptions_id) VALUES (1023,1004);
INSERT INTO employeecar_caroption (EmployeeCar_id,carOptions_id) VALUES (1023,1009);
INSERT INTO employeecar_caroption (EmployeeCar_id,carOptions_id) VALUES (1024,1000);
INSERT INTO employeecar_caroption (EmployeeCar_id,carOptions_id) VALUES (1024,1006);
INSERT INTO employeecar_caroption (EmployeeCar_id,carOptions_id) VALUES (1025,1002);
INSERT INTO employeecar_caroption (EmployeeCar_id,carOptions_id) VALUES (1025,1005);
INSERT INTO employeecar_caroption (EmployeeCar_id,carOptions_id) VALUES (1025,1010);
INSERT INTO employeecar_caroption (EmployeeCar_id,carOptions_id) VALUES (1026,1002);
INSERT INTO employeecar_caroption (EmployeeCar_id,carOptions_id) VALUES (1026,1007);
INSERT INTO employeecar_caroption (EmployeeCar_id,carOptions_id) VALUES (1026,1009);
INSERT INTO employeecar_caroption (EmployeeCar_id,carOptions_id) VALUES (1027,1005);
INSERT INTO employeecar_caroption (EmployeeCar_id,carOptions_id) VALUES (1028,1003);
INSERT INTO employeecar_caroption (EmployeeCar_id,carOptions_id) VALUES (1029,1003);
INSERT INTO employeecar_caroption (EmployeeCar_id,carOptions_id) VALUES (1029,1005);
INSERT INTO employeecar_caroption (EmployeeCar_id,carOptions_id) VALUES (1029,1008);
INSERT INTO employeecar_caroption (EmployeeCar_id,carOptions_id) VALUES (1030,1003);
INSERT INTO employeecar_caroption (EmployeeCar_id,carOptions_id) VALUES (1030,1007);
INSERT INTO employeecar_caroption (EmployeeCar_id,carOptions_id) VALUES (1031,1000);
INSERT INTO employeecar_caroption (EmployeeCar_id,carOptions_id) VALUES (1031,1001);
INSERT INTO employeecar_caroption (EmployeeCar_id,carOptions_id) VALUES (1031,1003);
INSERT INTO employeecar_caroption (EmployeeCar_id,carOptions_id) VALUES (1032,1005);
INSERT INTO employeecar_caroption (EmployeeCar_id,carOptions_id) VALUES (1032,1006);
INSERT INTO employeecar_caroption (EmployeeCar_id,carOptions_id) VALUES (1032,1008);
INSERT INTO employeecar_caroption (EmployeeCar_id,carOptions_id) VALUES (1033,1007);
INSERT INTO employeecar_caroption (EmployeeCar_id,carOptions_id) VALUES (1034,1000);
INSERT INTO employeecar_caroption (EmployeeCar_id,carOptions_id) VALUES (1034,1006);
INSERT INTO employeecar_caroption (EmployeeCar_id,carOptions_id) VALUES (1034,1007);
INSERT INTO employeecar_caroption (EmployeeCar_id,carOptions_id) VALUES (1035,1007);
INSERT INTO employeecar_caroption (EmployeeCar_id,carOptions_id) VALUES (1035,1008);
INSERT INTO employeecar_caroption (EmployeeCar_id,carOptions_id) VALUES (1035,1009);
INSERT INTO employeecar_caroption (EmployeeCar_id,carOptions_id) VALUES (1036,1003);
INSERT INTO employeecar_caroption (EmployeeCar_id,carOptions_id) VALUES (1036,1006);
INSERT INTO employeecar_caroption (EmployeeCar_id,carOptions_id) VALUES (1037,1001);
INSERT INTO employeecar_caroption (EmployeeCar_id,carOptions_id) VALUES (1037,1008);
INSERT INTO employeecar_caroption (EmployeeCar_id,carOptions_id) VALUES (1037,1009);
INSERT INTO employeecar_caroption (EmployeeCar_id,carOptions_id) VALUES (1038,1006);
INSERT INTO employeecar_caroption (EmployeeCar_id,carOptions_id) VALUES (1038,1009);
INSERT INTO employeecar_caroption (EmployeeCar_id,carOptions_id) VALUES (1039,1003);
INSERT INTO employeecar_caroption (EmployeeCar_id,carOptions_id) VALUES (1039,1008);
INSERT INTO employeecar_caroption (EmployeeCar_id,carOptions_id) VALUES (1039,1010);
INSERT INTO employeecar_caroption (EmployeeCar_id,carOptions_id) VALUES (1040,1010);
INSERT INTO employeecar_caroption (EmployeeCar_id,carOptions_id) VALUES (1041,1006);
INSERT INTO employeecar_caroption (EmployeeCar_id,carOptions_id) VALUES (1041,1008);
INSERT INTO employeecar_caroption (EmployeeCar_id,carOptions_id) VALUES (1042,1000);
INSERT INTO employeecar_caroption (EmployeeCar_id,carOptions_id) VALUES (1042,1004);
INSERT INTO employeecar_caroption (EmployeeCar_id,carOptions_id) VALUES (1042,1006);
INSERT INTO employeecar_caroption (EmployeeCar_id,carOptions_id) VALUES (1043,1000);
INSERT INTO employeecar_caroption (EmployeeCar_id,carOptions_id) VALUES (1043,1010);
INSERT INTO employeecar_caroption (EmployeeCar_id,carOptions_id) VALUES (1044,1006);
INSERT INTO employeecar_caroption (EmployeeCar_id,carOptions_id) VALUES (1044,1007);
INSERT INTO employeecar_caroption (EmployeeCar_id,carOptions_id) VALUES (1045,1002);
INSERT INTO employeecar_caroption (EmployeeCar_id,carOptions_id) VALUES (1045,1003);
INSERT INTO employeecar_caroption (EmployeeCar_id,carOptions_id) VALUES (1046,1004);
INSERT INTO employeecar_caroption (EmployeeCar_id,carOptions_id) VALUES (1046,1006);
INSERT INTO employeecar_caroption (EmployeeCar_id,carOptions_id) VALUES (1046,1008);
INSERT INTO employeecar_caroption (EmployeeCar_id,carOptions_id) VALUES (1047,1009);
INSERT INTO employeecar_caroption (EmployeeCar_id,carOptions_id) VALUES (1048,1002);
INSERT INTO employeecar_caroption (EmployeeCar_id,carOptions_id) VALUES (1048,1010);
INSERT INTO employeecar_caroption (EmployeeCar_id,carOptions_id) VALUES (1049,1000);
INSERT INTO employeecar_caroption (EmployeeCar_id,carOptions_id) VALUES (1049,1002);
INSERT INTO employeecar_caroption (EmployeeCar_id,carOptions_id) VALUES (1050,1001);
INSERT INTO employeecar_caroption (EmployeeCar_id,carOptions_id) VALUES (1051,1005);
INSERT INTO employeecar_caroption (EmployeeCar_id,carOptions_id) VALUES (1051,1009);
INSERT INTO employeecar_caroption (EmployeeCar_id,carOptions_id) VALUES (1051,1010);
INSERT INTO employeecar_caroption (EmployeeCar_id,carOptions_id) VALUES (1052,1004);
INSERT INTO employeecar_caroption (EmployeeCar_id,carOptions_id) VALUES (1053,1002);
INSERT INTO employeecar_caroption (EmployeeCar_id,carOptions_id) VALUES (1054,1007);
INSERT INTO employeecar_caroption (EmployeeCar_id,carOptions_id) VALUES (1055,1009);
INSERT INTO employeecar_caroption (EmployeeCar_id,carOptions_id) VALUES (1056,1001);
INSERT INTO employeecar_caroption (EmployeeCar_id,carOptions_id) VALUES (1056,1008);
INSERT INTO employeecar_caroption (EmployeeCar_id,carOptions_id) VALUES (1057,1002);
INSERT INTO employeecar_caroption (EmployeeCar_id,carOptions_id) VALUES (1057,1007);
INSERT INTO employeecar_caroption (EmployeeCar_id,carOptions_id) VALUES (1058,1004);
INSERT INTO employeecar_caroption (EmployeeCar_id,carOptions_id) VALUES (1058,1005);
INSERT INTO employeecar_caroption (EmployeeCar_id,carOptions_id) VALUES (1059,1004);
INSERT INTO employeecar_caroption (EmployeeCar_id,carOptions_id) VALUES (1060,1003);
INSERT INTO employeecar_caroption (EmployeeCar_id,carOptions_id) VALUES (1060,1007);
INSERT INTO employeecar_caroption (EmployeeCar_id,carOptions_id) VALUES (1060,1010);
INSERT INTO employeecar_caroption (EmployeeCar_id,carOptions_id) VALUES (1061,1010);
INSERT INTO employeecar_caroption (EmployeeCar_id,carOptions_id) VALUES (1062,1002);
INSERT INTO employeecar_caroption (EmployeeCar_id,carOptions_id) VALUES (1062,1005);
INSERT INTO employeecar_caroption (EmployeeCar_id,carOptions_id) VALUES (1062,1006);
INSERT INTO employeecar_caroption (EmployeeCar_id,carOptions_id) VALUES (1063,1008);
INSERT INTO employeecar_caroption (EmployeeCar_id,carOptions_id) VALUES (1064,1008);
INSERT INTO employeecar_caroption (EmployeeCar_id,carOptions_id) VALUES (1064,1009);
INSERT INTO employeecar_caroption (EmployeeCar_id,carOptions_id) VALUES (1065,1003);
INSERT INTO employeecar_caroption (EmployeeCar_id,carOptions_id) VALUES (1065,1007);
INSERT INTO employeecar_caroption (EmployeeCar_id,carOptions_id) VALUES (1065,1009);
INSERT INTO employeecar_caroption (EmployeeCar_id,carOptions_id) VALUES (1066,1003);
INSERT INTO employeecar_caroption (EmployeeCar_id,carOptions_id) VALUES (1067,1006);
INSERT INTO employeecar_caroption (EmployeeCar_id,carOptions_id) VALUES (1068,1005);
INSERT INTO employeecar_caroption (EmployeeCar_id,carOptions_id) VALUES (1068,1007);
INSERT INTO employeecar_caroption (EmployeeCar_id,carOptions_id) VALUES (1068,1010);
INSERT INTO employeecar_caroption (EmployeeCar_id,carOptions_id) VALUES (1069,1002);
INSERT INTO employeecar_caroption (EmployeeCar_id,carOptions_id) VALUES (1069,1003);
INSERT INTO employeecar_caroption (EmployeeCar_id,carOptions_id) VALUES (1069,1007);
INSERT INTO employeecar_caroption (EmployeeCar_id,carOptions_id) VALUES (1070,1002);
INSERT INTO employeecar_caroption (EmployeeCar_id,carOptions_id) VALUES (1070,1007);
INSERT INTO employeecar_caroption (EmployeeCar_id,carOptions_id) VALUES (1070,1009);
INSERT INTO employeecar_caroption (EmployeeCar_id,carOptions_id) VALUES (1071,1002);
INSERT INTO employeecar_caroption (EmployeeCar_id,carOptions_id) VALUES (1071,1005);
INSERT INTO employeecar_caroption (EmployeeCar_id,carOptions_id) VALUES (1072,1000);
INSERT INTO employeecar_caroption (EmployeeCar_id,carOptions_id) VALUES (1072,1009);
INSERT INTO employeecar_caroption (EmployeeCar_id,carOptions_id) VALUES (1072,1010);
INSERT INTO employeecar_caroption (EmployeeCar_id,carOptions_id) VALUES (1073,1001);
INSERT INTO employeecar_caroption (EmployeeCar_id,carOptions_id) VALUES (1073,1003);
INSERT INTO employeecar_caroption (EmployeeCar_id,carOptions_id) VALUES (1073,1010);
INSERT INTO employeecar_caroption (EmployeeCar_id,carOptions_id) VALUES (1074,1005);
INSERT INTO employeecar_caroption (EmployeeCar_id,carOptions_id) VALUES (1075,1003);
INSERT INTO employeecar_caroption (EmployeeCar_id,carOptions_id) VALUES (1075,1009);
INSERT INTO employeecar_caroption (EmployeeCar_id,carOptions_id) VALUES (1076,1002);
INSERT INTO employeecar_caroption (EmployeeCar_id,carOptions_id) VALUES (1076,1003);
INSERT INTO employeecar_caroption (EmployeeCar_id,carOptions_id) VALUES (1076,1006);
INSERT INTO employeecar_caroption (EmployeeCar_id,carOptions_id) VALUES (1077,1009);
INSERT INTO employeecar_caroption (EmployeeCar_id,carOptions_id) VALUES (1077,1010);
INSERT INTO employeecar_caroption (EmployeeCar_id,carOptions_id) VALUES (1078,1006);
INSERT INTO employeecar_caroption (EmployeeCar_id,carOptions_id) VALUES (1079,1000);
INSERT INTO employeecar_caroption (EmployeeCar_id,carOptions_id) VALUES (1079,1004);
INSERT INTO employeecar_caroption (EmployeeCar_id,carOptions_id) VALUES (1080,1002);
INSERT INTO employeecar_caroption (EmployeeCar_id,carOptions_id) VALUES (1081,1001);
INSERT INTO employeecar_caroption (EmployeeCar_id,carOptions_id) VALUES (1081,1008);
INSERT INTO employeecar_caroption (EmployeeCar_id,carOptions_id) VALUES (1082,1008);
INSERT INTO employeecar_caroption (EmployeeCar_id,carOptions_id) VALUES (1083,1003);
INSERT INTO employeecar_caroption (EmployeeCar_id,carOptions_id) VALUES (1083,1008);
INSERT INTO employeecar_caroption (EmployeeCar_id,carOptions_id) VALUES (1084,1004);
INSERT INTO employeecar_caroption (EmployeeCar_id,carOptions_id) VALUES (1084,1005);
INSERT INTO employeecar_caroption (EmployeeCar_id,carOptions_id) VALUES (1084,1008);
INSERT INTO employeecar_caroption (EmployeeCar_id,carOptions_id) VALUES (1085,1002);
INSERT INTO employeecar_caroption (EmployeeCar_id,carOptions_id) VALUES (1085,1007);
INSERT INTO employeecar_caroption (EmployeeCar_id,carOptions_id) VALUES (1086,1001);
INSERT INTO employeecar_caroption (EmployeeCar_id,carOptions_id) VALUES (1086,1004);
INSERT INTO employeecar_caroption (EmployeeCar_id,carOptions_id) VALUES (1086,1008);
INSERT INTO employeecar_caroption (EmployeeCar_id,carOptions_id) VALUES (1087,1000);
INSERT INTO employeecar_caroption (EmployeeCar_id,carOptions_id) VALUES (1088,1003);
INSERT INTO employeecar_caroption (EmployeeCar_id,carOptions_id) VALUES (1088,1006);
INSERT INTO employeecar_caroption (EmployeeCar_id,carOptions_id) VALUES (1088,1010);
INSERT INTO employeecar_caroption (EmployeeCar_id,carOptions_id) VALUES (1089,1005);
INSERT INTO employeecar_caroption (EmployeeCar_id,carOptions_id) VALUES (1090,1000);
INSERT INTO employeecar_caroption (EmployeeCar_id,carOptions_id) VALUES (1090,1004);
INSERT INTO employeecar_caroption (EmployeeCar_id,carOptions_id) VALUES (1090,1009);
INSERT INTO employeecar_caroption (EmployeeCar_id,carOptions_id) VALUES (1091,1003);
INSERT INTO employeecar_caroption (EmployeeCar_id,carOptions_id) VALUES (1092,1003);
INSERT INTO employeecar_caroption (EmployeeCar_id,carOptions_id) VALUES (1092,1005);
INSERT INTO employeecar_caroption (EmployeeCar_id,carOptions_id) VALUES (1093,1004);
INSERT INTO employeecar_caroption (EmployeeCar_id,carOptions_id) VALUES (1094,1005);
INSERT INTO employeecar_caroption (EmployeeCar_id,carOptions_id) VALUES (1094,1010);
INSERT INTO employeecar_caroption (EmployeeCar_id,carOptions_id) VALUES (1095,1001);
INSERT INTO employeecar_caroption (EmployeeCar_id,carOptions_id) VALUES (1096,1010);
INSERT INTO employeecar_caroption (EmployeeCar_id,carOptions_id) VALUES (1097,1004);
INSERT INTO employeecar_caroption (EmployeeCar_id,carOptions_id) VALUES (1097,1008);
INSERT INTO employeecar_caroption (EmployeeCar_id,carOptions_id) VALUES (1097,1010);
INSERT INTO employeecar_caroption (EmployeeCar_id,carOptions_id) VALUES (1098,1001);
INSERT INTO employeecar_caroption (EmployeeCar_id,carOptions_id) VALUES (1098,1003);
INSERT INTO employeecar_caroption (EmployeeCar_id,carOptions_id) VALUES (1099,1001);
INSERT INTO employeecar_caroption (EmployeeCar_id,carOptions_id) VALUES (1099,1005);
INSERT INTO employeecar_caroption (EmployeeCar_id,carOptions_id) VALUES (1099,1008);
INSERT INTO carorder (id,version,amountPaidByEmployee,amountPaidByCompany,dateOrdered,dateReceived,orderedCar_id) VALUES (1000,1,6335.81,19007.42,"2010-04-12","2010-07-12",1000);
INSERT INTO carorder (id,version,amountPaidByEmployee,amountPaidByCompany,dateOrdered,dateReceived,orderedCar_id) VALUES (1001,1,4986.37,14959.11,"2013-04-16","2013-07-16",1001);
INSERT INTO carorder (id,version,amountPaidByEmployee,amountPaidByCompany,dateOrdered,dateReceived,orderedCar_id) VALUES (1002,1,7079.05,21237.14,"2010-04-05","2010-07-05",1002);
INSERT INTO carorder (id,version,amountPaidByEmployee,amountPaidByCompany,dateOrdered,dateReceived,orderedCar_id) VALUES (1003,1,8636.94,25910.81,"2014-04-08","2014-07-08",1003);
INSERT INTO carorder (id,version,amountPaidByEmployee,amountPaidByCompany,dateOrdered,dateReceived,orderedCar_id) VALUES (1004,1,7008.68,21026.03,"2010-03-12","2010-06-12",1004);
INSERT INTO carorder (id,version,amountPaidByEmployee,amountPaidByCompany,dateOrdered,dateReceived,orderedCar_id) VALUES (1005,1,7377.87,22133.62,"2013-05-19","2013-08-19",1005);
INSERT INTO carorder (id,version,amountPaidByEmployee,amountPaidByCompany,dateOrdered,dateReceived,orderedCar_id) VALUES (1006,1,7736.40,23209.21,"2010-01-10","2010-04-10",1006);
INSERT INTO carorder (id,version,amountPaidByEmployee,amountPaidByCompany,dateOrdered,dateReceived,orderedCar_id) VALUES (1007,1,7780.62,23341.85,"2013-02-13","2013-05-13",1007);
INSERT INTO carorder (id,version,amountPaidByEmployee,amountPaidByCompany,dateOrdered,dateReceived,orderedCar_id) VALUES (1008,1,9042.60,27127.79,"2010-04-13","2010-07-13",1008);
INSERT INTO carorder (id,version,amountPaidByEmployee,amountPaidByCompany,dateOrdered,dateReceived,orderedCar_id) VALUES (1009,1,8816.27,26448.82,"2014-05-17","2014-08-17",1009);
INSERT INTO carorder (id,version,amountPaidByEmployee,amountPaidByCompany,dateOrdered,dateReceived,orderedCar_id) VALUES (1010,1,8434.90,25304.70,"2010-05-15","2010-08-15",1010);
INSERT INTO carorder (id,version,amountPaidByEmployee,amountPaidByCompany,dateOrdered,dateReceived,orderedCar_id) VALUES (1011,1,8816.27,26448.82,"2014-06-16","2014-09-16",1011);
INSERT INTO carorder (id,version,amountPaidByEmployee,amountPaidByCompany,dateOrdered,dateReceived,orderedCar_id) VALUES (1012,1,9777.13,29331.38,"2010-03-09","2010-06-09",1012);
INSERT INTO carorder (id,version,amountPaidByEmployee,amountPaidByCompany,dateOrdered,dateReceived,orderedCar_id) VALUES (1013,1,8816.27,26448.82,"2013-05-15","2013-08-15",1013);
INSERT INTO carorder (id,version,amountPaidByEmployee,amountPaidByCompany,dateOrdered,dateReceived,orderedCar_id) VALUES (1014,1,7721.86,23165.58,"2010-03-08","2010-06-08",1014);
INSERT INTO carorder (id,version,amountPaidByEmployee,amountPaidByCompany,dateOrdered,dateReceived,orderedCar_id) VALUES (1015,1,6963.47,20890.42,"2013-03-13","2013-06-13",1015);
INSERT INTO carorder (id,version,amountPaidByEmployee,amountPaidByCompany,dateOrdered,dateReceived,orderedCar_id) VALUES (1016,1,7542.31,22626.92,"2010-01-11","2010-04-11",1016);
INSERT INTO carorder (id,version,amountPaidByEmployee,amountPaidByCompany,dateOrdered,dateReceived,orderedCar_id) VALUES (1017,1,8636.94,25910.81,"2014-03-16","2014-06-16",1017);
INSERT INTO carorder (id,version,amountPaidByEmployee,amountPaidByCompany,dateOrdered,dateReceived,orderedCar_id) VALUES (1018,1,7780.62,23341.85,"2010-02-06","2010-05-06",1018);
INSERT INTO carorder (id,version,amountPaidByEmployee,amountPaidByCompany,dateOrdered,dateReceived,orderedCar_id) VALUES (1019,1,8796.87,26390.62,"2013-02-08","2013-05-08",1019);
INSERT INTO carorder (id,version,amountPaidByEmployee,amountPaidByCompany,dateOrdered,dateReceived,orderedCar_id) VALUES (1020,1,8434.90,25304.70,"2010-03-08","2010-06-08",1020);
INSERT INTO carorder (id,version,amountPaidByEmployee,amountPaidByCompany,dateOrdered,dateReceived,orderedCar_id) VALUES (1021,1,9042.60,27127.79,"2014-04-10","2014-07-10",1021);
INSERT INTO carorder (id,version,amountPaidByEmployee,amountPaidByCompany,dateOrdered,dateReceived,orderedCar_id) VALUES (1022,1,7542.31,22626.92,"2010-05-10","2010-08-10",1022);
INSERT INTO carorder (id,version,amountPaidByEmployee,amountPaidByCompany,dateOrdered,dateReceived,orderedCar_id) VALUES (1023,1,8636.94,25910.81,"2014-06-16","2014-09-16",1023);
INSERT INTO carorder (id,version,amountPaidByEmployee,amountPaidByCompany,dateOrdered,dateReceived,orderedCar_id) VALUES (1024,1,7413.87,22241.61,"2010-05-14","2010-08-14",1024);
INSERT INTO carorder (id,version,amountPaidByEmployee,amountPaidByCompany,dateOrdered,dateReceived,orderedCar_id) VALUES (1025,1,7413.87,22241.61,"2013-08-16","2013-11-16",1025);
INSERT INTO carorder (id,version,amountPaidByEmployee,amountPaidByCompany,dateOrdered,dateReceived,orderedCar_id) VALUES (1026,1,7795.13,23385.39,"2010-05-14","2010-08-14",1026);
INSERT INTO carorder (id,version,amountPaidByEmployee,amountPaidByCompany,dateOrdered,dateReceived,orderedCar_id) VALUES (1027,1,7079.05,21237.14,"2013-05-19","2013-08-19",1027);
INSERT INTO carorder (id,version,amountPaidByEmployee,amountPaidByCompany,dateOrdered,dateReceived,orderedCar_id) VALUES (1028,1,7008.68,21026.03,"2010-03-07","2010-06-07",1028);
INSERT INTO carorder (id,version,amountPaidByEmployee,amountPaidByCompany,dateOrdered,dateReceived,orderedCar_id) VALUES (1029,1,7413.87,22241.61,"2013-04-09","2013-07-09",1029);
INSERT INTO carorder (id,version,amountPaidByEmployee,amountPaidByCompany,dateOrdered,dateReceived,orderedCar_id) VALUES (1030,1,8716.16,26148.47,"2010-02-04","2010-05-04",1030);
INSERT INTO carorder (id,version,amountPaidByEmployee,amountPaidByCompany,dateOrdered,dateReceived,orderedCar_id) VALUES (1031,1,8816.27,26448.82,"2014-04-09","2014-07-09",1031);
INSERT INTO carorder (id,version,amountPaidByEmployee,amountPaidByCompany,dateOrdered,dateReceived,orderedCar_id) VALUES (1032,1,8213.02,24639.05,"2010-02-15","2010-05-15",1032);
INSERT INTO carorder (id,version,amountPaidByEmployee,amountPaidByCompany,dateOrdered,dateReceived,orderedCar_id) VALUES (1033,1,7008.68,21026.03,"2014-03-21","2014-06-21",1033);
INSERT INTO carorder (id,version,amountPaidByEmployee,amountPaidByCompany,dateOrdered,dateReceived,orderedCar_id) VALUES (1034,1,7767.55,23302.64,"2010-04-14","2010-07-14",1034);
INSERT INTO carorder (id,version,amountPaidByEmployee,amountPaidByCompany,dateOrdered,dateReceived,orderedCar_id) VALUES (1035,1,7767.55,23302.64,"2013-07-18","2013-10-18",1035);
INSERT INTO carorder (id,version,amountPaidByEmployee,amountPaidByCompany,dateOrdered,dateReceived,orderedCar_id) VALUES (1036,1,6600.19,19800.56,"2010-03-14","2010-06-14",1036);
INSERT INTO carorder (id,version,amountPaidByEmployee,amountPaidByCompany,dateOrdered,dateReceived,orderedCar_id) VALUES (1037,1,6984.32,20952.95,"2013-05-16","2013-08-16",1037);
INSERT INTO carorder (id,version,amountPaidByEmployee,amountPaidByCompany,dateOrdered,dateReceived,orderedCar_id) VALUES (1038,1,8716.16,26148.47,"2010-05-09","2010-08-09",1038);
INSERT INTO carorder (id,version,amountPaidByEmployee,amountPaidByCompany,dateOrdered,dateReceived,orderedCar_id) VALUES (1039,1,9042.60,27127.79,"2014-06-15","2014-09-15",1039);
INSERT INTO carorder (id,version,amountPaidByEmployee,amountPaidByCompany,dateOrdered,dateReceived,orderedCar_id) VALUES (1040,1,6600.19,19800.56,"2010-02-08","2010-05-08",1040);
INSERT INTO carorder (id,version,amountPaidByEmployee,amountPaidByCompany,dateOrdered,dateReceived,orderedCar_id) VALUES (1041,1,7154.72,21464.16,"2013-04-09","2013-07-09",1041);
INSERT INTO carorder (id,version,amountPaidByEmployee,amountPaidByCompany,dateOrdered,dateReceived,orderedCar_id) VALUES (1042,1,7308.58,21925.74,"2010-03-12","2010-06-12",1042);
INSERT INTO carorder (id,version,amountPaidByEmployee,amountPaidByCompany,dateOrdered,dateReceived,orderedCar_id) VALUES (1043,1,7308.58,21925.74,"2013-06-12","2013-09-12",1043);
INSERT INTO carorder (id,version,amountPaidByEmployee,amountPaidByCompany,dateOrdered,dateReceived,orderedCar_id) VALUES (1044,1,5794.50,17383.50,"2010-05-10","2010-08-10",1044);
INSERT INTO carorder (id,version,amountPaidByEmployee,amountPaidByCompany,dateOrdered,dateReceived,orderedCar_id) VALUES (1045,1,5794.50,17383.50,"2013-05-16","2013-08-16",1045);
INSERT INTO carorder (id,version,amountPaidByEmployee,amountPaidByCompany,dateOrdered,dateReceived,orderedCar_id) VALUES (1046,1,9543.83,28631.48,"2010-05-14","2010-08-14",1046);
INSERT INTO carorder (id,version,amountPaidByEmployee,amountPaidByCompany,dateOrdered,dateReceived,orderedCar_id) VALUES (1047,1,10289.83,30869.48,"2014-05-17","2014-08-17",1047);
INSERT INTO carorder (id,version,amountPaidByEmployee,amountPaidByCompany,dateOrdered,dateReceived,orderedCar_id) VALUES (1048,1,9543.83,28631.48,"2010-04-07","2010-07-07",1048);
INSERT INTO carorder (id,version,amountPaidByEmployee,amountPaidByCompany,dateOrdered,dateReceived,orderedCar_id) VALUES (1049,1,9543.83,28631.48,"2014-04-08","2014-07-08",1049);
INSERT INTO carorder (id,version,amountPaidByEmployee,amountPaidByCompany,dateOrdered,dateReceived,orderedCar_id) VALUES (1050,1,8716.16,26148.47,"2010-04-09","2010-07-09",1050);
INSERT INTO carorder (id,version,amountPaidByEmployee,amountPaidByCompany,dateOrdered,dateReceived,orderedCar_id) VALUES (1051,1,8716.16,26148.47,"2013-05-13","2013-08-13",1051);
INSERT INTO carorder (id,version,amountPaidByEmployee,amountPaidByCompany,dateOrdered,dateReceived,orderedCar_id) VALUES (1052,1,7079.05,21237.14,"2010-01-11","2010-04-11",1052);
INSERT INTO carorder (id,version,amountPaidByEmployee,amountPaidByCompany,dateOrdered,dateReceived,orderedCar_id) VALUES (1053,1,8796.87,26390.62,"2014-03-18","2014-06-18",1053);
INSERT INTO carorder (id,version,amountPaidByEmployee,amountPaidByCompany,dateOrdered,dateReceived,orderedCar_id) VALUES (1054,1,8796.87,26390.62,"2010-01-10","2010-04-10",1054);
INSERT INTO carorder (id,version,amountPaidByEmployee,amountPaidByCompany,dateOrdered,dateReceived,orderedCar_id) VALUES (1055,1,7542.31,22626.92,"2013-01-10","2013-04-10",1055);
INSERT INTO carorder (id,version,amountPaidByEmployee,amountPaidByCompany,dateOrdered,dateReceived,orderedCar_id) VALUES (1056,1,8213.02,24639.05,"2010-04-14","2010-07-14",1056);
INSERT INTO carorder (id,version,amountPaidByEmployee,amountPaidByCompany,dateOrdered,dateReceived,orderedCar_id) VALUES (1057,1,7767.55,23302.64,"2013-05-21","2013-08-21",1057);
INSERT INTO carorder (id,version,amountPaidByEmployee,amountPaidByCompany,dateOrdered,dateReceived,orderedCar_id) VALUES (1058,1,8213.02,24639.05,"2010-04-13","2010-07-13",1058);
INSERT INTO carorder (id,version,amountPaidByEmployee,amountPaidByCompany,dateOrdered,dateReceived,orderedCar_id) VALUES (1059,1,7413.05,22239.14,"2013-04-16","2013-07-16",1059);
INSERT INTO carorder (id,version,amountPaidByEmployee,amountPaidByCompany,dateOrdered,dateReceived,orderedCar_id) VALUES (1060,1,4296.98,12890.93,"2010-02-01","2010-05-01",1060);
INSERT INTO carorder (id,version,amountPaidByEmployee,amountPaidByCompany,dateOrdered,dateReceived,orderedCar_id) VALUES (1061,1,5794.50,17383.50,"2013-03-01","2013-06-01",1061);
INSERT INTO carorder (id,version,amountPaidByEmployee,amountPaidByCompany,dateOrdered,dateReceived,orderedCar_id) VALUES (1062,1,9042.60,27127.79,"2010-02-05","2010-05-05",1062);
INSERT INTO carorder (id,version,amountPaidByEmployee,amountPaidByCompany,dateOrdered,dateReceived,orderedCar_id) VALUES (1063,1,9543.83,28631.48,"2013-03-11","2013-06-11",1063);
INSERT INTO carorder (id,version,amountPaidByEmployee,amountPaidByCompany,dateOrdered,dateReceived,orderedCar_id) VALUES (1064,1,6335.81,19007.42,"2010-01-11","2010-04-11",1064);
INSERT INTO carorder (id,version,amountPaidByEmployee,amountPaidByCompany,dateOrdered,dateReceived,orderedCar_id) VALUES (1065,1,6869.24,20607.71,"2014-01-12","2014-04-12",1065);
INSERT INTO carorder (id,version,amountPaidByEmployee,amountPaidByCompany,dateOrdered,dateReceived,orderedCar_id) VALUES (1066,1,7154.72,21464.16,"2010-04-08","2010-07-08",1066);
INSERT INTO carorder (id,version,amountPaidByEmployee,amountPaidByCompany,dateOrdered,dateReceived,orderedCar_id) VALUES (1067,1,7054.50,21163.51,"2014-05-11","2014-08-11",1067);
INSERT INTO carorder (id,version,amountPaidByEmployee,amountPaidByCompany,dateOrdered,dateReceived,orderedCar_id) VALUES (1068,1,7795.13,23385.39,"2010-02-07","2010-05-07",1068);
INSERT INTO carorder (id,version,amountPaidByEmployee,amountPaidByCompany,dateOrdered,dateReceived,orderedCar_id) VALUES (1069,1,7542.31,22626.92,"2013-03-11","2013-06-11",1069);
INSERT INTO carorder (id,version,amountPaidByEmployee,amountPaidByCompany,dateOrdered,dateReceived,orderedCar_id) VALUES (1070,1,4296.98,12890.93,"2010-01-02","2010-04-02",1070);
INSERT INTO carorder (id,version,amountPaidByEmployee,amountPaidByCompany,dateOrdered,dateReceived,orderedCar_id) VALUES (1071,1,6262.25,18786.74,"2013-01-06","2013-04-06",1071);
INSERT INTO carorder (id,version,amountPaidByEmployee,amountPaidByCompany,dateOrdered,dateReceived,orderedCar_id) VALUES (1072,1,9042.60,27127.79,"2010-01-05","2010-04-05",1072);
INSERT INTO carorder (id,version,amountPaidByEmployee,amountPaidByCompany,dateOrdered,dateReceived,orderedCar_id) VALUES (1073,1,9042.60,27127.79,"2014-02-08","2014-05-08",1073);
INSERT INTO carorder (id,version,amountPaidByEmployee,amountPaidByCompany,dateOrdered,dateReceived,orderedCar_id) VALUES (1074,1,4296.98,12890.93,"2010-01-01","2010-04-01",1074);
INSERT INTO carorder (id,version,amountPaidByEmployee,amountPaidByCompany,dateOrdered,dateReceived,orderedCar_id) VALUES (1075,1,6141.71,18425.11,"2014-01-04","2014-04-04",1075);
INSERT INTO carorder (id,version,amountPaidByEmployee,amountPaidByCompany,dateOrdered,dateReceived,orderedCar_id) VALUES (1076,1,4986.37,14959.11,"2010-05-04","2010-08-04",1076);
INSERT INTO carorder (id,version,amountPaidByEmployee,amountPaidByCompany,dateOrdered,dateReceived,orderedCar_id) VALUES (1077,1,4986.37,14959.11,"2013-08-08","2013-11-08",1077);
INSERT INTO carorder (id,version,amountPaidByEmployee,amountPaidByCompany,dateOrdered,dateReceived,orderedCar_id) VALUES (1078,1,8816.27,26448.82,"2010-05-04","2010-08-04",1078);
INSERT INTO carorder (id,version,amountPaidByEmployee,amountPaidByCompany,dateOrdered,dateReceived,orderedCar_id) VALUES (1079,1,9777.13,29331.38,"2014-05-06","2014-08-06",1079);
INSERT INTO carorder (id,version,amountPaidByEmployee,amountPaidByCompany,dateOrdered,dateReceived,orderedCar_id) VALUES (1080,1,5794.50,17383.50,"2010-05-08","2010-08-08",1080);
INSERT INTO carorder (id,version,amountPaidByEmployee,amountPaidByCompany,dateOrdered,dateReceived,orderedCar_id) VALUES (1081,1,6262.25,18786.74,"2014-05-10","2014-08-10",1081);
INSERT INTO carorder (id,version,amountPaidByEmployee,amountPaidByCompany,dateOrdered,dateReceived,orderedCar_id) VALUES (1082,1,4296.98,12890.93,"2010-01-08","2010-04-08",1082);
INSERT INTO carorder (id,version,amountPaidByEmployee,amountPaidByCompany,dateOrdered,dateReceived,orderedCar_id) VALUES (1083,1,4986.37,14959.11,"2014-02-11","2014-05-11",1083);
INSERT INTO carorder (id,version,amountPaidByEmployee,amountPaidByCompany,dateOrdered,dateReceived,orderedCar_id) VALUES (1084,1,7767.55,23302.64,"2010-04-02","2010-07-02",1084);
INSERT INTO carorder (id,version,amountPaidByEmployee,amountPaidByCompany,dateOrdered,dateReceived,orderedCar_id) VALUES (1085,1,7413.87,22241.61,"2013-07-04","2013-10-04",1085);
INSERT INTO carorder (id,version,amountPaidByEmployee,amountPaidByCompany,dateOrdered,dateReceived,orderedCar_id) VALUES (1086,1,7308.58,21925.74,"2010-01-10","2010-04-10",1086);
INSERT INTO carorder (id,version,amountPaidByEmployee,amountPaidByCompany,dateOrdered,dateReceived,orderedCar_id) VALUES (1087,1,7413.87,22241.61,"2013-04-13","2013-07-13",1087);
INSERT INTO carorder (id,version,amountPaidByEmployee,amountPaidByCompany,dateOrdered,dateReceived,orderedCar_id) VALUES (1088,1,7413.87,22241.61,"2010-03-15","2010-06-15",1088);
INSERT INTO carorder (id,version,amountPaidByEmployee,amountPaidByCompany,dateOrdered,dateReceived,orderedCar_id) VALUES (1089,1,7767.55,23302.64,"2014-04-18","2014-07-18",1089);
INSERT INTO carorder (id,version,amountPaidByEmployee,amountPaidByCompany,dateOrdered,dateReceived,orderedCar_id) VALUES (1090,1,7413.87,22241.61,"2010-03-11","2010-06-11",1090);
INSERT INTO carorder (id,version,amountPaidByEmployee,amountPaidByCompany,dateOrdered,dateReceived,orderedCar_id) VALUES (1091,1,7308.58,21925.74,"2013-05-15","2013-08-15",1091);
INSERT INTO carorder (id,version,amountPaidByEmployee,amountPaidByCompany,dateOrdered,dateReceived,orderedCar_id) VALUES (1092,1,4296.98,12890.93,"2010-05-09","2010-08-09",1092);
INSERT INTO carorder (id,version,amountPaidByEmployee,amountPaidByCompany,dateOrdered,dateReceived,orderedCar_id) VALUES (1093,1,4296.98,12890.93,"2014-07-14","2014-10-14",1093);
INSERT INTO carorder (id,version,amountPaidByEmployee,amountPaidByCompany,dateOrdered,dateReceived,orderedCar_id) VALUES (1094,1,8796.87,26390.62,"2010-04-10","2010-07-10",1094);
INSERT INTO carorder (id,version,amountPaidByEmployee,amountPaidByCompany,dateOrdered,dateReceived,orderedCar_id) VALUES (1095,1,7542.31,22626.92,"2014-07-14",null,1095);
INSERT INTO carorder (id,version,amountPaidByEmployee,amountPaidByCompany,dateOrdered,dateReceived,orderedCar_id) VALUES (1096,1,5794.50,17383.50,"2010-03-15","2010-06-15",1096);
INSERT INTO carorder (id,version,amountPaidByEmployee,amountPaidByCompany,dateOrdered,dateReceived,orderedCar_id) VALUES (1097,1,6674.14,20022.43,"2013-05-22","2013-08-22",1097);
INSERT INTO carorder (id,version,amountPaidByEmployee,amountPaidByCompany,dateOrdered,dateReceived,orderedCar_id) VALUES (1098,1,7413.87,22241.61,"2010-03-08","2010-06-08",1098);
INSERT INTO carorder (id,version,amountPaidByEmployee,amountPaidByCompany,dateOrdered,dateReceived,orderedCar_id) VALUES (1099,1,8213.02,24639.05,"2013-04-12","2013-07-12",1099);
INSERT INTO user (id, version, DTYPE, firstName, lastName, email, password, functionalLevel, inService, currentOrder_id, role) VALUES (1000,1,"RdEmployee","Wendy","Oliver","wendy.oliver@dummyrealdolmen.com","$2a$10$iH1JLYIDbq5kC71AIrhNwOc51rTZTmPsj2ZV.59UIw4u8wzrrl5Oa",2,false,1001,"ROLE_RDEMPLOYEE");
INSERT INTO user (id, version, DTYPE, firstName, lastName, email, password, functionalLevel, inService, currentOrder_id, role) VALUES (1001,1,"RdEmployee","Diane","Miller","diane.miller@dummyrealdolmen.com","$2a$10$vKWIlWPua/AVub75ujLXhO4KXyMb2dQWmzuiHzJGaM/5RGeTseNae",5,false,1003,"ROLE_RDEMPLOYEE");
INSERT INTO user (id, version, DTYPE, firstName, lastName, email, password, functionalLevel, inService, currentOrder_id, role) VALUES (1002,1,"RdEmployee","Emma","White","emma.white@dummyrealdolmen.com","$2a$10$tm.4zSAhplrTchOA5.CqhuQ9bXIBCanMounfcvqiBaPPmpIVzcvPK",4,false,1005,"ROLE_RDEMPLOYEE");
INSERT INTO user (id, version, DTYPE, firstName, lastName, email, password, functionalLevel, inService, currentOrder_id, role) VALUES (1003,1,"FleetEmployee","Emily","Chapman","emily.chapman@dummyrealdolmen.com","$2a$10$tGoYBe2AtwrXwwZif3EX1uKexfXoqB/RKVPfSFJmQfosJcIN9zw6e",5,true,1007,"ROLE_FLEETEMPLOYEE");
INSERT INTO user (id, version, DTYPE, firstName, lastName, email, password, functionalLevel, inService, currentOrder_id, role) VALUES (1004,1,"FleetEmployee","Tracey","Knox","tracey.knox@dummyrealdolmen.com","$2a$10$OdSuE1tJ/3.B2dIl1GyOEOL1J91nigVbO0gIdYqdgqA49lnzLB/Gm",6,true,1009,"ROLE_FLEETEMPLOYEE");
INSERT INTO user (id, version, DTYPE, firstName, lastName, email, password, functionalLevel, inService, currentOrder_id, role) VALUES (1005,1,"FleetEmployee","Caroline","Smith","caroline.smith@dummyrealdolmen.com","$2a$10$VZ4HxI1DLRWX84hFsTkKaO2lHtXrJq4Qc05InEpwDtV1Q8rERYaX2",6,true,1011,"ROLE_FLEETEMPLOYEE");
INSERT INTO user (id, version, DTYPE, firstName, lastName, email, password, functionalLevel, inService, currentOrder_id, role) VALUES (1006,1,"RdEmployee","Stephen","Sutherland","stephen.sutherland@dummyrealdolmen.com","$2a$10$4bZUqaXKyJBcmYqhK/ahD.oklPQWUIf4b98Ih4mmwrVnHqzqv5qzK",6,true,1013,"ROLE_RDEMPLOYEE");
INSERT INTO user (id, version, DTYPE, firstName, lastName, email, password, functionalLevel, inService, currentOrder_id, role) VALUES (1007,1,"RdEmployee","Michael","Hemmings","michael.hemmings@dummyrealdolmen.com","$2a$10$AEsGTbrM7Y4hpAywagqBKuTH0vq5ta6NulEJdKhcCatkaFihZOlXG",3,true,1015,"ROLE_RDEMPLOYEE");
INSERT INTO user (id, version, DTYPE, firstName, lastName, email, password, functionalLevel, inService, currentOrder_id, role) VALUES (1008,1,"RdEmployee","Ian","Cameron","ian.cameron@dummyrealdolmen.com","$2a$10$3kDcCB9TU.1fvExEjh5sauxF1l5GVzcjm.fd0rAcJpUlqQ8Ae2eum",5,true,1017,"ROLE_RDEMPLOYEE");
INSERT INTO user (id, version, DTYPE, firstName, lastName, email, password, functionalLevel, inService, currentOrder_id, role) VALUES (1009,1,"RdEmployee","Yvonne","White","yvonne.white@dummyrealdolmen.com","$2a$10$hyC0n.jzwm8RPkpBveMNs.cc4EECg9YmRQQe/h5MqLdDU3qsieF3W",5,true,1019,"ROLE_RDEMPLOYEE");
INSERT INTO user (id, version, DTYPE, firstName, lastName, email, password, functionalLevel, inService, currentOrder_id, role) VALUES (1010,1,"RdEmployee","Ian","Brown","ian.brown@dummyrealdolmen.com","$2a$10$EguQzRurBv.x02PFiF8CIepRMHiUpGLNJT0PAtXAIWUbhZMmRls1C",6,true,1021,"ROLE_RDEMPLOYEE");
INSERT INTO user (id, version, DTYPE, firstName, lastName, email, password, functionalLevel, inService, currentOrder_id, role) VALUES (1011,1,"RdEmployee","Rebecca","Nash","rebecca.nash@dummyrealdolmen.com","$2a$10$.vadUWUXuuhQT3sm1526IuL.YxHjSJ2OcH8WmSuP1W03j9NL0CDHW",5,true,1023,"ROLE_RDEMPLOYEE");
INSERT INTO user (id, version, DTYPE, firstName, lastName, email, password, functionalLevel, inService, currentOrder_id, role) VALUES (1012,1,"RdEmployee","Lauren","Mathis","lauren.mathis@dummyrealdolmen.com","$2a$10$3X5TGmOFTrWhDxgzm5hjseIKxUdvLAPaKsBc2USA67C6Nawc/f8xS",4,true,1025,"ROLE_RDEMPLOYEE");
INSERT INTO user (id, version, DTYPE, firstName, lastName, email, password, functionalLevel, inService, currentOrder_id, role) VALUES (1013,1,"RdEmployee","Carol","Ellison","carol.ellison@dummyrealdolmen.com","$2a$10$oPn.QBDwoted9e55lNDfRuvA1ZDYlOYM.aL54ftqlmdOek6BVF/32",5,true,1027,"ROLE_RDEMPLOYEE");
INSERT INTO user (id, version, DTYPE, firstName, lastName, email, password, functionalLevel, inService, currentOrder_id, role) VALUES (1014,1,"RdEmployee","Austin","Wilkins","austin.wilkins@dummyrealdolmen.com","$2a$10$1qzUrHH5eUKM7mDwwONbv.06A9GcG6sgTR4KaZEVqWjuY8kJTXw8u",4,true,1029,"ROLE_RDEMPLOYEE");
INSERT INTO user (id, version, DTYPE, firstName, lastName, email, password, functionalLevel, inService, currentOrder_id, role) VALUES (1015,1,"RdEmployee","Joshua","Parr","joshua.parr@dummyrealdolmen.com","$2a$10$Upwa/OHc/.4d1wVOGlXB0.jPAND/d6r9x30m1DPX.ElFuYGgEkt4S",6,true,1031,"ROLE_RDEMPLOYEE");
INSERT INTO user (id, version, DTYPE, firstName, lastName, email, password, functionalLevel, inService, currentOrder_id, role) VALUES (1016,1,"RdEmployee","Mary","Slater","mary.slater@dummyrealdolmen.com","$2a$10$lMILFLHBhpl5z/f51eLFPe1bhh9PtuUtsBCnabu6K8h7uLlN9r1hm",4,true,1033,"ROLE_RDEMPLOYEE");
INSERT INTO user (id, version, DTYPE, firstName, lastName, email, password, functionalLevel, inService, currentOrder_id, role) VALUES (1017,1,"RdEmployee","Isaac","Forsyth","isaac.forsyth@dummyrealdolmen.com","$2a$10$Q3NmxbfD3IObNial1CjIi.ateg/f9SeRNgV5qJtfqype0AWiyi.wq",4,true,1035,"ROLE_RDEMPLOYEE");
INSERT INTO user (id, version, DTYPE, firstName, lastName, email, password, functionalLevel, inService, currentOrder_id, role) VALUES (1018,1,"RdEmployee","Jasmine","Hunter","jasmine.hunter@dummyrealdolmen.com","$2a$10$ySSZtXqgcPlRYLa.zhQyUO5Oo9p4ykrreFmpu9vTXjlnwQWQTpmPq",3,true,1037,"ROLE_RDEMPLOYEE");
INSERT INTO user (id, version, DTYPE, firstName, lastName, email, password, functionalLevel, inService, currentOrder_id, role) VALUES (1019,1,"RdEmployee","Owen","Davies","owen.davies@dummyrealdolmen.com","$2a$10$LVUpzyYduou2N9u03MFTl.xE.NOVJ/a.VnQwQJ3kmWV/nirGZsGA2",6,true,1039,"ROLE_RDEMPLOYEE");
INSERT INTO user (id, version, DTYPE, firstName, lastName, email, password, functionalLevel, inService, currentOrder_id, role) VALUES (1020,1,"RdEmployee","Rebecca","Thomson","rebecca.thomson@dummyrealdolmen.com","$2a$10$CFEKmIXDN6hWVUe7lC8ymuZ2yoXG9v1qztxkh9Kzvu3/NnzJ80u62",3,true,1041,"ROLE_RDEMPLOYEE");
INSERT INTO user (id, version, DTYPE, firstName, lastName, email, password, functionalLevel, inService, currentOrder_id, role) VALUES (1021,1,"RdEmployee","Molly","Lyman","molly.lyman@dummyrealdolmen.com","$2a$10$rJ1RjD5fAFbqcK8lSvFSue9gCu18LHkqD374HxElIgDdtM2ZN9xqa",4,true,1043,"ROLE_RDEMPLOYEE");
INSERT INTO user (id, version, DTYPE, firstName, lastName, email, password, functionalLevel, inService, currentOrder_id, role) VALUES (1022,1,"RdEmployee","Justin","Hughes","justin.hughes@dummyrealdolmen.com","$2a$10$6KQoPRV/fJgPiZojmx7Za.PPYRTElt9mWQ9gIQC0.iK9eQdtr2.Sa",2,true,1045,"ROLE_RDEMPLOYEE");
INSERT INTO user (id, version, DTYPE, firstName, lastName, email, password, functionalLevel, inService, currentOrder_id, role) VALUES (1023,1,"RdEmployee","Edward","Dowd","edward.dowd@dummyrealdolmen.com","$2a$10$vC.aUD8/TXnHn3jX.CiRwOMVrQ9vF6DiZJGR4nJVWhDZYX4Svxn/G",6,true,1047,"ROLE_RDEMPLOYEE");
INSERT INTO user (id, version, DTYPE, firstName, lastName, email, password, functionalLevel, inService, currentOrder_id, role) VALUES (1024,1,"RdEmployee","Vanessa","Vance","vanessa.vance@dummyrealdolmen.com","$2a$10$YE/WLCGGTcbM2qpsg6kc3O8doLG0N2N91r7R1vXjJjxafAXsSTtWG",6,true,1049,"ROLE_RDEMPLOYEE");
INSERT INTO user (id, version, DTYPE, firstName, lastName, email, password, functionalLevel, inService, currentOrder_id, role) VALUES (1025,1,"RdEmployee","Sam","Clarkson","sam.clarkson@dummyrealdolmen.com","$2a$10$bGnthCTZBfiuDgzAx13b/eLtQ9hHsXaqQ4P2dcAJPLCO.uWdD0Hzy",6,true,1051,"ROLE_RDEMPLOYEE");
INSERT INTO user (id, version, DTYPE, firstName, lastName, email, password, functionalLevel, inService, currentOrder_id, role) VALUES (1026,1,"RdEmployee","Michael","Wallace","michael.wallace@dummyrealdolmen.com","$2a$10$i99yM0n1bdAQsyZIq9bLvOvXqzL17Tivy3IfnSOMTiVIPcSVb226a",5,true,1053,"ROLE_RDEMPLOYEE");
INSERT INTO user (id, version, DTYPE, firstName, lastName, email, password, functionalLevel, inService, currentOrder_id, role) VALUES (1027,1,"RdEmployee","Sebastian","Lawrence","sebastian.lawrence@dummyrealdolmen.com","$2a$10$LleOlEE6lacWszzh5.0G/..z97z/YtmErpRHtvF0zj6gT/hhXQPdi",5,true,1055,"ROLE_RDEMPLOYEE");
INSERT INTO user (id, version, DTYPE, firstName, lastName, email, password, functionalLevel, inService, currentOrder_id, role) VALUES (1028,1,"RdEmployee","Caroline","Lambert","caroline.lambert@dummyrealdolmen.com","$2a$10$8XaY3aLS3XITsXYWERF8Lu5haI/eUpffX.EB3FlpvArtSVOyKxqze",4,true,1057,"ROLE_RDEMPLOYEE");
INSERT INTO user (id, version, DTYPE, firstName, lastName, email, password, functionalLevel, inService, currentOrder_id, role) VALUES (1029,1,"RdEmployee","Andrea","Hemmings","andrea.hemmings@dummyrealdolmen.com","$2a$10$lUvA6Jf.CkhZfyRmTaNVsOX.G5UEW7HCds.ZsJQp1INOduInJUUqu",4,true,1059,"ROLE_RDEMPLOYEE");
INSERT INTO user (id, version, DTYPE, firstName, lastName, email, password, functionalLevel, inService, currentOrder_id, role) VALUES (1030,1,"RdEmployee","Boris","Abraham","boris.abraham@dummyrealdolmen.com","$2a$10$xA6sq2sdi27.Wtv7eVrMeOmIPx9t5P19Azh/tOxZsZiQzYsy09s9y",2,true,1061,"ROLE_RDEMPLOYEE");
INSERT INTO user (id, version, DTYPE, firstName, lastName, email, password, functionalLevel, inService, currentOrder_id, role) VALUES (1031,1,"RdEmployee","Kimberly","Forsyth","kimberly.forsyth@dummyrealdolmen.com","$2a$10$o6FeYMR6eZFRk5/d66JtoukCsoVq36cYi7ixS5iMs8kljZtcwOp8u",6,true,1063,"ROLE_RDEMPLOYEE");
INSERT INTO user (id, version, DTYPE, firstName, lastName, email, password, functionalLevel, inService, currentOrder_id, role) VALUES (1032,1,"RdEmployee","Charles","Manning","charles.manning@dummyrealdolmen.com","$2a$10$JiY6WIcMvWeQnBLdYEFdmu1.PtVjHeFcbqfaq1qZ3o0EhrML8z1rG",2,true,1065,"ROLE_RDEMPLOYEE");
INSERT INTO user (id, version, DTYPE, firstName, lastName, email, password, functionalLevel, inService, currentOrder_id, role) VALUES (1033,1,"RdEmployee","Yvonne","Greene","yvonne.greene@dummyrealdolmen.com","$2a$10$F2IgedoOXljRZAJTGOMV2eEKjhztLWSvI.1a0Iu4iDtclkE7Wbm7i",3,true,1067,"ROLE_RDEMPLOYEE");
INSERT INTO user (id, version, DTYPE, firstName, lastName, email, password, functionalLevel, inService, currentOrder_id, role) VALUES (1034,1,"RdEmployee","Heather","Sanderson","heather.sanderson@dummyrealdolmen.com","$2a$10$F7HBj5YnfAazuwQnTQRva.Vnm.aUld/73WfMfWbfH0aDgGI6NW4Gq",5,true,1069,"ROLE_RDEMPLOYEE");
INSERT INTO user (id, version, DTYPE, firstName, lastName, email, password, functionalLevel, inService, currentOrder_id, role) VALUES (1035,1,"RdEmployee","Alexandra","Hardacre","alexandra.hardacre@dummyrealdolmen.com","$2a$10$QZkvfA5zmFw2eZZF6m2QVuVsr1r/NBKlYxFvxT4UJr4N7tH23R2/m",2,true,null,"ROLE_RDEMPLOYEE");
INSERT INTO user (id, version, DTYPE, firstName, lastName, email, password, functionalLevel, inService, currentOrder_id, role) VALUES (1036,1,"RdEmployee","Vanessa","Alsop","vanessa.alsop@dummyrealdolmen.com","$2a$10$o0zakCO3TlzgYlXxuG5cY..DQ/lugpsWeG7pixdTMAeMy2ANPWVXa",6,true,1073,"ROLE_RDEMPLOYEE");
INSERT INTO user (id, version, DTYPE, firstName, lastName, email, password, functionalLevel, inService, currentOrder_id, role) VALUES (1037,1,"RdEmployee","Natalie","Churchill","natalie.churchill@dummyrealdolmen.com","$2a$10$/1Hd15WGNxwskWhkVX0VL.p6t6Nh0kWiveDN5u230KxGx8SlaXnf.",2,true,1075,"ROLE_RDEMPLOYEE");
INSERT INTO user (id, version, DTYPE, firstName, lastName, email, password, functionalLevel, inService, currentOrder_id, role) VALUES (1038,1,"RdEmployee","John","Johnston","john.johnston@dummyrealdolmen.com","$2a$10$MlAoRZrz7HW8h4bhnziMPOd6aT/O/eZkJPUfpZaXGluebnO8m8VF.",2,true,1077,"ROLE_RDEMPLOYEE");
INSERT INTO user (id, version, DTYPE, firstName, lastName, email, password, functionalLevel, inService, currentOrder_id, role) VALUES (1039,1,"RdEmployee","Piers","Carr","piers.carr@dummyrealdolmen.com","$2a$10$kY08MMSz1voxiE/eLv6I7OBr/9lewoyLw24sk9Pihh7SsTeoh4qW.",6,true,1079,"ROLE_RDEMPLOYEE");
INSERT INTO user (id, version, DTYPE, firstName, lastName, email, password, functionalLevel, inService, currentOrder_id, role) VALUES (1040,1,"RdEmployee","Max","Johnston","max.johnston@dummyrealdolmen.com","$2a$10$kXutN4HGfHyPnoeC147EX.z4lglLfO8LRSpbXGhJa6ac05a729NuS",2,true,1081,"ROLE_RDEMPLOYEE");
INSERT INTO user (id, version, DTYPE, firstName, lastName, email, password, functionalLevel, inService, currentOrder_id, role) VALUES (1041,1,"RdEmployee","Evan","Parsons","evan.parsons@dummyrealdolmen.com","$2a$10$ko0d9Yt7WOpwH5RIjQFcwejXI9PoAirQO5plwyDZYb8VVQUKXHsqu",2,true,1083,"ROLE_RDEMPLOYEE");
INSERT INTO user (id, version, DTYPE, firstName, lastName, email, password, functionalLevel, inService, currentOrder_id, role) VALUES (1042,1,"RdEmployee","Lauren","Mackenzie","lauren.mackenzie@dummyrealdolmen.com","$2a$10$gLpP/00.s1RjQ9c0QzCwu.5Xfet.whiNLiujweHAfRaQiga0OfmdW",4,true,1085,"ROLE_RDEMPLOYEE");
INSERT INTO user (id, version, DTYPE, firstName, lastName, email, password, functionalLevel, inService, currentOrder_id, role) VALUES (1043,1,"RdEmployee","Pippa","Ince","pippa.ince@dummyrealdolmen.com","$2a$10$UowpIZ7bGVYMZA.u5iEkg.w7kGnXNVao4w/j0hK/HAodKlsGpTYQS",4,true,1087,"ROLE_RDEMPLOYEE");
INSERT INTO user (id, version, DTYPE, firstName, lastName, email, password, functionalLevel, inService, currentOrder_id, role) VALUES (1044,1,"RdEmployee","Carl","Paterson","carl.paterson@dummyrealdolmen.com","$2a$10$6XzNOKgJGDdt7vjomDkdUeHDceXdtDH1PBjXJWwSbzQB1Q2.1/FCK",4,true,1089,"ROLE_RDEMPLOYEE");
INSERT INTO user (id, version, DTYPE, firstName, lastName, email, password, functionalLevel, inService, currentOrder_id, role) VALUES (1045,1,"RdEmployee","Lauren","King","lauren.king@dummyrealdolmen.com","$2a$10$q/pXLHvhPbfOl58ytccKOezQ98.y8FejXV7bthr1DyfJeKLMRIdtW",4,true,1091,"ROLE_RDEMPLOYEE");
INSERT INTO user (id, version, DTYPE, firstName, lastName, email, password, functionalLevel, inService, currentOrder_id, role) VALUES (1046,1,"RdEmployee","Paul","Kerr","paul.kerr@dummyrealdolmen.com","$2a$10$aFqEzEdZk2LqNUyLpvGvc.R2ZwajHORQSSKRtztKaqklq1ql4Q1xa",2,true,1093,"ROLE_RDEMPLOYEE");
INSERT INTO user (id, version, DTYPE, firstName, lastName, email, password, functionalLevel, inService, currentOrder_id, role) VALUES (1047,1,"RdEmployee","Adam","Peters","adam.peters@dummyrealdolmen.com","$2a$10$0gQ3vES70VLKLdIt3MLGu.dD6.sSRFruBSMUW4gR0B185any0KDhK",5,true,1095,"ROLE_RDEMPLOYEE");
INSERT INTO user (id, version, DTYPE, firstName, lastName, email, password, functionalLevel, inService, currentOrder_id, role) VALUES (1048,1,"RdEmployee","Emily","King","emily.king@dummyrealdolmen.com","$2a$10$RV2nPK3cGLTPbAOicXZ.uuGVbZtZzE3pByJySM2PFG9qvG3uC8uFK",2,true,1097,"ROLE_RDEMPLOYEE");
INSERT INTO user (id, version, DTYPE, firstName, lastName, email, password, functionalLevel, inService, currentOrder_id, role) VALUES (1049,1,"RdEmployee","Molly","Clarkson","molly.clarkson@dummyrealdolmen.com","$2a$10$DhJpoLBxJi5rYVphsxMw5uvodJtSUwiwntBU83bwW2rm4xiPLY7QS",4,true,1099,"ROLE_RDEMPLOYEE");
INSERT INTO user_carorder (User_id,orderHistory_id) VALUES (1000,1000);
INSERT INTO user_carorder (User_id,orderHistory_id) VALUES (1000,1001);
INSERT INTO user_carorder (User_id,orderHistory_id) VALUES (1001,1002);
INSERT INTO user_carorder (User_id,orderHistory_id) VALUES (1001,1003);
INSERT INTO user_carorder (User_id,orderHistory_id) VALUES (1002,1004);
INSERT INTO user_carorder (User_id,orderHistory_id) VALUES (1002,1005);
INSERT INTO user_carorder (User_id,orderHistory_id) VALUES (1003,1006);
INSERT INTO user_carorder (User_id,orderHistory_id) VALUES (1003,1007);
INSERT INTO user_carorder (User_id,orderHistory_id) VALUES (1004,1008);
INSERT INTO user_carorder (User_id,orderHistory_id) VALUES (1004,1009);
INSERT INTO user_carorder (User_id,orderHistory_id) VALUES (1005,1010);
INSERT INTO user_carorder (User_id,orderHistory_id) VALUES (1005,1011);
INSERT INTO user_carorder (User_id,orderHistory_id) VALUES (1006,1012);
INSERT INTO user_carorder (User_id,orderHistory_id) VALUES (1006,1013);
INSERT INTO user_carorder (User_id,orderHistory_id) VALUES (1007,1014);
INSERT INTO user_carorder (User_id,orderHistory_id) VALUES (1007,1015);
INSERT INTO user_carorder (User_id,orderHistory_id) VALUES (1008,1016);
INSERT INTO user_carorder (User_id,orderHistory_id) VALUES (1008,1017);
INSERT INTO user_carorder (User_id,orderHistory_id) VALUES (1009,1018);
INSERT INTO user_carorder (User_id,orderHistory_id) VALUES (1009,1019);
INSERT INTO user_carorder (User_id,orderHistory_id) VALUES (1010,1020);
INSERT INTO user_carorder (User_id,orderHistory_id) VALUES (1010,1021);
INSERT INTO user_carorder (User_id,orderHistory_id) VALUES (1011,1022);
INSERT INTO user_carorder (User_id,orderHistory_id) VALUES (1011,1023);
INSERT INTO user_carorder (User_id,orderHistory_id) VALUES (1012,1024);
INSERT INTO user_carorder (User_id,orderHistory_id) VALUES (1012,1025);
INSERT INTO user_carorder (User_id,orderHistory_id) VALUES (1013,1026);
INSERT INTO user_carorder (User_id,orderHistory_id) VALUES (1013,1027);
INSERT INTO user_carorder (User_id,orderHistory_id) VALUES (1014,1028);
INSERT INTO user_carorder (User_id,orderHistory_id) VALUES (1014,1029);
INSERT INTO user_carorder (User_id,orderHistory_id) VALUES (1015,1030);
INSERT INTO user_carorder (User_id,orderHistory_id) VALUES (1015,1031);
INSERT INTO user_carorder (User_id,orderHistory_id) VALUES (1016,1032);
INSERT INTO user_carorder (User_id,orderHistory_id) VALUES (1016,1033);
INSERT INTO user_carorder (User_id,orderHistory_id) VALUES (1017,1034);
INSERT INTO user_carorder (User_id,orderHistory_id) VALUES (1017,1035);
INSERT INTO user_carorder (User_id,orderHistory_id) VALUES (1018,1036);
INSERT INTO user_carorder (User_id,orderHistory_id) VALUES (1018,1037);
INSERT INTO user_carorder (User_id,orderHistory_id) VALUES (1019,1038);
INSERT INTO user_carorder (User_id,orderHistory_id) VALUES (1019,1039);
INSERT INTO user_carorder (User_id,orderHistory_id) VALUES (1020,1040);
INSERT INTO user_carorder (User_id,orderHistory_id) VALUES (1020,1041);
INSERT INTO user_carorder (User_id,orderHistory_id) VALUES (1021,1042);
INSERT INTO user_carorder (User_id,orderHistory_id) VALUES (1021,1043);
INSERT INTO user_carorder (User_id,orderHistory_id) VALUES (1022,1044);
INSERT INTO user_carorder (User_id,orderHistory_id) VALUES (1022,1045);
INSERT INTO user_carorder (User_id,orderHistory_id) VALUES (1023,1046);
INSERT INTO user_carorder (User_id,orderHistory_id) VALUES (1023,1047);
INSERT INTO user_carorder (User_id,orderHistory_id) VALUES (1024,1048);
INSERT INTO user_carorder (User_id,orderHistory_id) VALUES (1024,1049);
INSERT INTO user_carorder (User_id,orderHistory_id) VALUES (1025,1050);
INSERT INTO user_carorder (User_id,orderHistory_id) VALUES (1025,1051);
INSERT INTO user_carorder (User_id,orderHistory_id) VALUES (1026,1052);
INSERT INTO user_carorder (User_id,orderHistory_id) VALUES (1026,1053);
INSERT INTO user_carorder (User_id,orderHistory_id) VALUES (1027,1054);
INSERT INTO user_carorder (User_id,orderHistory_id) VALUES (1027,1055);
INSERT INTO user_carorder (User_id,orderHistory_id) VALUES (1028,1056);
INSERT INTO user_carorder (User_id,orderHistory_id) VALUES (1028,1057);
INSERT INTO user_carorder (User_id,orderHistory_id) VALUES (1029,1058);
INSERT INTO user_carorder (User_id,orderHistory_id) VALUES (1029,1059);
INSERT INTO user_carorder (User_id,orderHistory_id) VALUES (1030,1060);
INSERT INTO user_carorder (User_id,orderHistory_id) VALUES (1030,1061);
INSERT INTO user_carorder (User_id,orderHistory_id) VALUES (1031,1062);
INSERT INTO user_carorder (User_id,orderHistory_id) VALUES (1031,1063);
INSERT INTO user_carorder (User_id,orderHistory_id) VALUES (1032,1064);
INSERT INTO user_carorder (User_id,orderHistory_id) VALUES (1032,1065);
INSERT INTO user_carorder (User_id,orderHistory_id) VALUES (1033,1066);
INSERT INTO user_carorder (User_id,orderHistory_id) VALUES (1033,1067);
INSERT INTO user_carorder (User_id,orderHistory_id) VALUES (1034,1068);
INSERT INTO user_carorder (User_id,orderHistory_id) VALUES (1034,1069);
INSERT INTO user_carorder (User_id,orderHistory_id) VALUES (1035,1070);
INSERT INTO user_carorder (User_id,orderHistory_id) VALUES (1035,1071);
INSERT INTO user_carorder (User_id,orderHistory_id) VALUES (1036,1072);
INSERT INTO user_carorder (User_id,orderHistory_id) VALUES (1036,1073);
INSERT INTO user_carorder (User_id,orderHistory_id) VALUES (1037,1074);
INSERT INTO user_carorder (User_id,orderHistory_id) VALUES (1037,1075);
INSERT INTO user_carorder (User_id,orderHistory_id) VALUES (1038,1076);
INSERT INTO user_carorder (User_id,orderHistory_id) VALUES (1038,1077);
INSERT INTO user_carorder (User_id,orderHistory_id) VALUES (1039,1078);
INSERT INTO user_carorder (User_id,orderHistory_id) VALUES (1039,1079);
INSERT INTO user_carorder (User_id,orderHistory_id) VALUES (1040,1080);
INSERT INTO user_carorder (User_id,orderHistory_id) VALUES (1040,1081);
INSERT INTO user_carorder (User_id,orderHistory_id) VALUES (1041,1082);
INSERT INTO user_carorder (User_id,orderHistory_id) VALUES (1041,1083);
INSERT INTO user_carorder (User_id,orderHistory_id) VALUES (1042,1084);
INSERT INTO user_carorder (User_id,orderHistory_id) VALUES (1042,1085);
INSERT INTO user_carorder (User_id,orderHistory_id) VALUES (1043,1086);
INSERT INTO user_carorder (User_id,orderHistory_id) VALUES (1043,1087);
INSERT INTO user_carorder (User_id,orderHistory_id) VALUES (1044,1088);
INSERT INTO user_carorder (User_id,orderHistory_id) VALUES (1044,1089);
INSERT INTO user_carorder (User_id,orderHistory_id) VALUES (1045,1090);
INSERT INTO user_carorder (User_id,orderHistory_id) VALUES (1045,1091);
INSERT INTO user_carorder (User_id,orderHistory_id) VALUES (1046,1092);
INSERT INTO user_carorder (User_id,orderHistory_id) VALUES (1046,1093);
INSERT INTO user_carorder (User_id,orderHistory_id) VALUES (1047,1094);
INSERT INTO user_carorder (User_id,orderHistory_id) VALUES (1048,1096);
INSERT INTO user_carorder (User_id,orderHistory_id) VALUES (1048,1097);
INSERT INTO user_carorder (User_id,orderHistory_id) VALUES (1049,1098);
INSERT INTO user_carorder (User_id,orderHistory_id) VALUES (1049,1099);
