INSERT INTO car (id,version,amountDowngrade,amountUpgrade,benefit,bluetooth,co2,description,fiscHp,fuelType,functionalLevel,gps,idealKm,listPrice,make,maxKm,model,timeOfDeliveryInDays,towingBracketPossibility,tyreType) VALUES (1000,1,3924.43,0,104.17,true,89,"",9,'DIESEL',2,true,140000,25048.99,'Audi',180000,'A3 sportback 1,6 tdi 110 pk ultra attraction',150,true,'STEEL');
INSERT INTO car (id,version,amountDowngrade,amountUpgrade,benefit,bluetooth,co2,description,fiscHp,fuelType,functionalLevel,gps,idealKm,listPrice,make,maxKm,model,timeOfDeliveryInDays,towingBracketPossibility,tyreType) VALUES (1001,1,2479.69,0,104.17,true,109,"",7,'DIESEL',2,true,140000,19945.48,'Seat',180000,'Ibiza St 1,6 crtdi 105 pk Style ecomotive',105,false,'STEEL');
INSERT INTO car (id,version,amountDowngrade,amountUpgrade,benefit,bluetooth,co2,description,fiscHp,fuelType,functionalLevel,gps,idealKm,listPrice,make,maxKm,model,timeOfDeliveryInDays,towingBracketPossibility,tyreType) VALUES (1002,1,5491.27,0,104.17,true,87,"",9,'DIESEL',2,true,140000,23178.0,'Seat',180000,'Leon style 1,6 Tdi 110 pk ecomotive',90,false,'STEEL');
INSERT INTO car (id,version,amountDowngrade,amountUpgrade,benefit,bluetooth,co2,description,fiscHp,fuelType,functionalLevel,gps,idealKm,listPrice,make,maxKm,model,timeOfDeliveryInDays,towingBracketPossibility,tyreType) VALUES (1003,1,4253.93,0,104.17,true,90,"",9,'DIESEL',2,true,140000,24566.82,'Skoda',180000,'Octavia Berline 1,6 tdi 110 pk  greenline',90,true,'STEEL');
INSERT INTO car (id,version,amountDowngrade,amountUpgrade,benefit,bluetooth,co2,description,fiscHp,fuelType,functionalLevel,gps,idealKm,listPrice,make,maxKm,model,timeOfDeliveryInDays,towingBracketPossibility,tyreType) VALUES (1004,1,4042.73,0,104.17,true,90,"",9,'DIESEL',2,true,140000,25343.22,'Skoda',180000,'Octavia combi 1,6 tdi 110 pk  greenline',105,true,'STEEL');
INSERT INTO car (id,version,amountDowngrade,amountUpgrade,benefit,bluetooth,co2,description,fiscHp,fuelType,functionalLevel,gps,idealKm,listPrice,make,maxKm,model,timeOfDeliveryInDays,towingBracketPossibility,tyreType) VALUES (1005,1,1907.41,0,104.17,true,109,"",7,'DIESEL',2,true,180000,17187.91,'Skoda',200000,'Roomster 1,2 crtdi 75 pk',105,true,'STEEL');
INSERT INTO car (id,version,amountDowngrade,amountUpgrade,benefit,bluetooth,co2,description,fiscHp,fuelType,functionalLevel,gps,idealKm,listPrice,make,maxKm,model,timeOfDeliveryInDays,towingBracketPossibility,tyreType) VALUES (1006,1,1369.33,0,123.65,true,99,"",9,'DIESEL',2,true,140000,27476.95,'VW',180000,'Golf 7 Highline 1,6l CRTDI 110 pk BMT',120,true,'STEEL');
INSERT INTO car (id,version,amountDowngrade,amountUpgrade,benefit,bluetooth,co2,description,fiscHp,fuelType,functionalLevel,gps,idealKm,listPrice,make,maxKm,model,timeOfDeliveryInDays,towingBracketPossibility,tyreType) VALUES (1007,1,1407.33,0,125.86,true,102,"",9,'DIESEL',2,true,140000,26696.57,'VW',180000,'Golf Variant Trendl.1,6 CRTDI 110 pk BMT',105,true,'STEEL');
INSERT INTO car (id,version,amountDowngrade,amountUpgrade,benefit,bluetooth,co2,description,fiscHp,fuelType,functionalLevel,gps,idealKm,listPrice,make,maxKm,model,timeOfDeliveryInDays,towingBracketPossibility,tyreType) VALUES (1008,1,2795.35,2431.85,122.93,true,107,"",11,'DIESEL',3,true,140000,24240.16,'VW',180000,'Beetle Design 2,0l TDI 110pk BMT',150,false,'STEEL');
INSERT INTO car (id,version,amountDowngrade,amountUpgrade,benefit,bluetooth,co2,description,fiscHp,fuelType,functionalLevel,gps,idealKm,listPrice,make,maxKm,model,timeOfDeliveryInDays,towingBracketPossibility,tyreType) VALUES (1009,1,3036.91,2190.29,126.98,true,99,"",9,'DIESEL',3,true,140000,28218.01,'Audi',180000,'A3 sportback 1,6 tdi 110 pk Ambiente',150,true,'STEEL');
INSERT INTO car (id,version,amountDowngrade,amountUpgrade,benefit,bluetooth,co2,description,fiscHp,fuelType,functionalLevel,gps,idealKm,listPrice,make,maxKm,model,timeOfDeliveryInDays,towingBracketPossibility,tyreType) VALUES (1010,1,3165.9,2061.3,134.92,true,102,"",9,'DIESEL',3,true,180000,28618.88,'VW',200000,'Golf Variant Highline 1,6CRTDI 110 pk BMT',120,true,'STEEL');
INSERT INTO car (id,version,amountDowngrade,amountUpgrade,benefit,bluetooth,co2,description,fiscHp,fuelType,functionalLevel,gps,idealKm,listPrice,make,maxKm,model,timeOfDeliveryInDays,towingBracketPossibility,tyreType) VALUES (1011,1,2792.9,2434.3,137.66,true,109,"",9,'DIESEL',3,true,180000,26400.74,'Skoda',200000,'Superb berline ambiente 1,6 crtdi greenline',120,true,'STEEL');
INSERT INTO car (id,version,amountDowngrade,amountUpgrade,benefit,bluetooth,co2,description,fiscHp,fuelType,functionalLevel,gps,idealKm,listPrice,make,maxKm,model,timeOfDeliveryInDays,towingBracketPossibility,tyreType) VALUES (1012,1,1363.08,3864.12,152.23,true,105,"",9,'DIESEL',3,true,140000,30887.44,'VW',180000,'Passat berline 1.6 TDI 120 pk DPG BMT comfortline',120,true,'ALUMINIUM');
INSERT INTO car (id,version,amountDowngrade,amountUpgrade,benefit,bluetooth,co2,description,fiscHp,fuelType,functionalLevel,gps,idealKm,listPrice,make,maxKm,model,timeOfDeliveryInDays,towingBracketPossibility,tyreType) VALUES (1013,1,2349.24,2877.96,153.2,true,113,"",9,'DIESEL',3,true,180000,27853.89,'Skoda',200000,'Superb Combi 1,6 tdi 105 pk 5v geenline amb',120,true,'STEEL');
INSERT INTO car (id,version,amountDowngrade,amountUpgrade,benefit,bluetooth,co2,description,fiscHp,fuelType,functionalLevel,gps,idealKm,listPrice,make,maxKm,model,timeOfDeliveryInDays,towingBracketPossibility,tyreType) VALUES (1014,1,1557.73,3669.47,157.65,true,115,"",9,'DIESEL',3,true,140000,27937.26,'VW',180000,'New Touran 1.6TDI Trendline 110pk BMT 6v',150,true,'ALUMINIUM');
INSERT INTO car (id,version,amountDowngrade,amountUpgrade,benefit,bluetooth,co2,description,fiscHp,fuelType,functionalLevel,gps,idealKm,listPrice,make,maxKm,model,timeOfDeliveryInDays,towingBracketPossibility,tyreType) VALUES (1015,1,5046.42,761.58,135.73,true,101,"",9,'DIESEL',4,true,140000,29234.32,'VW',180000,'Golf Sportsvan 1,6 CRTDI 110 Highline',120,true,'STEEL');
INSERT INTO car (id,version,amountDowngrade,amountUpgrade,benefit,bluetooth,co2,description,fiscHp,fuelType,functionalLevel,gps,idealKm,listPrice,make,maxKm,model,timeOfDeliveryInDays,towingBracketPossibility,tyreType) VALUES (1016,1,4611.88,1196.12,138.17,true,105,"",9,'DIESEL',4,true,140000,28034.71,'VW',180000,'Jetta Comfortline 2,0 tdi 110pk 5v BMT',150,true,'ALUMINIUM');
INSERT INTO car (id,version,amountDowngrade,amountUpgrade,benefit,bluetooth,co2,description,fiscHp,fuelType,functionalLevel,gps,idealKm,listPrice,make,maxKm,model,timeOfDeliveryInDays,towingBracketPossibility,tyreType) VALUES (1017,1,4283.85,1524.15,154.61,true,109,"",9,'DIESEL',4,true,180000,29652.19,'Skoda',200000,'Superb Greenline elegance 1,6 tdi 105 pk',120,true,'STEEL');
INSERT INTO car (id,version,amountDowngrade,amountUpgrade,benefit,bluetooth,co2,description,fiscHp,fuelType,functionalLevel,gps,idealKm,listPrice,make,maxKm,model,timeOfDeliveryInDays,towingBracketPossibility,tyreType) VALUES (1018,1,2150.86,3657.14,166.61,true,107,"",9,'DIESEL',4,true,140000,32852.07,'VW',180000,'Passat Variant 1,6 tdi 120 pk Comfortline',120,true,'ALUMINIUM');
INSERT INTO car (id,version,amountDowngrade,amountUpgrade,benefit,bluetooth,co2,description,fiscHp,fuelType,functionalLevel,gps,idealKm,listPrice,make,maxKm,model,timeOfDeliveryInDays,towingBracketPossibility,tyreType) VALUES (1019,1,2713.57,3094.43,167.34,true,115,"",9,'DIESEL',4,true,140000,29655.48,'VW',180000,'New Touran 1.6TDI Trendline 110 pk BMT 6v',150,true,'ALUMINIUM');
INSERT INTO car (id,version,amountDowngrade,amountUpgrade,benefit,bluetooth,co2,description,fiscHp,fuelType,functionalLevel,gps,idealKm,listPrice,make,maxKm,model,timeOfDeliveryInDays,towingBracketPossibility,tyreType) VALUES (1020,1,1835.36,3972.64,170.75,true,117,"",11,'DIESEL',4,true,180000,29511.49,'Audi',200000,'A4 berline 2,0 tdi 120 pk',120,true,'ALUMINIUM');
INSERT INTO car (id,version,amountDowngrade,amountUpgrade,benefit,bluetooth,co2,description,fiscHp,fuelType,functionalLevel,gps,idealKm,listPrice,make,maxKm,model,timeOfDeliveryInDays,towingBracketPossibility,tyreType) VALUES (1021,1,3548.4,2259.6,170.89,true,113,"",9,'DIESEL',4,true,180000,31070.18,'Skoda',200000,'Superb combi Greenline elegance 1,6 tdi 105 pk',120,true,'STEEL');
INSERT INTO car (id,version,amountDowngrade,amountUpgrade,benefit,bluetooth,co2,description,fiscHp,fuelType,functionalLevel,gps,idealKm,listPrice,make,maxKm,model,timeOfDeliveryInDays,towingBracketPossibility,tyreType) VALUES (1022,1,3614.96,4806.64,104.17,true,95,"",8,'GASOLINE',5,true,180000,32608.02,'vw',200000,'Jetta hybride 1,4 tsi 150 pk dsg',150,false,'ALUMINIUM');
INSERT INTO car (id,version,amountDowngrade,amountUpgrade,benefit,bluetooth,co2,description,fiscHp,fuelType,functionalLevel,gps,idealKm,listPrice,make,maxKm,model,timeOfDeliveryInDays,towingBracketPossibility,tyreType) VALUES (1023,1,7942.24,479.36,139.56,true,105,"",11,'DIESEL',5,true,140000,28316.18,'Audi',180000,'A3 sportback 2,0 tdi 150 pk Attraction',150,true,'ALUMINIUM');
INSERT INTO car (id,version,amountDowngrade,amountUpgrade,benefit,bluetooth,co2,description,fiscHp,fuelType,functionalLevel,gps,idealKm,listPrice,make,maxKm,model,timeOfDeliveryInDays,towingBracketPossibility,tyreType) VALUES (1024,1,7357.86,1063.74,150.31,true,104,"",9,'DIESEL',5,true,180000,30945.61,'Audi',200000,'A4 berline 2,0 tdi ultra 136 pk',120,true,'STEEL');
INSERT INTO car (id,version,amountDowngrade,amountUpgrade,benefit,bluetooth,co2,description,fiscHp,fuelType,functionalLevel,gps,idealKm,listPrice,make,maxKm,model,timeOfDeliveryInDays,towingBracketPossibility,tyreType) VALUES (1025,1,5420.33,3001.27,175.21,true,107,"",9,'DIESEL',5,true,140000,34547.75,'VW',180000,'Passat variant 1,6 tdi 120 pk highline',120,true,'ALUMINIUM');
INSERT INTO car (id,version,amountDowngrade,amountUpgrade,benefit,bluetooth,co2,description,fiscHp,fuelType,functionalLevel,gps,idealKm,listPrice,make,maxKm,model,timeOfDeliveryInDays,towingBracketPossibility,tyreType) VALUES (1026,1,6970.93,1450.67,175.62,true,115,"",9,'DIESEL',5,true,140000,31122.47,'VW',180000,'New Touran 1.6TDI Highline 110 pk BMT 6v',150,true,'ALUMINIUM');
INSERT INTO car (id,version,amountDowngrade,amountUpgrade,benefit,bluetooth,co2,description,fiscHp,fuelType,functionalLevel,gps,idealKm,listPrice,make,maxKm,model,timeOfDeliveryInDays,towingBracketPossibility,tyreType) VALUES (1027,1,4957.47,3464.13,175.94,true,106,"",11,'DIESEL',5,true,180000,35187.49,'VW',200000,'Passat berline 2,0 tdi 150 pk highline',120,true,'ALUMINIUM');
INSERT INTO car (id,version,amountDowngrade,amountUpgrade,benefit,bluetooth,co2,description,fiscHp,fuelType,functionalLevel,gps,idealKm,listPrice,make,maxKm,model,timeOfDeliveryInDays,towingBracketPossibility,tyreType) VALUES (1028,1,5635.71,2785.89,183.17,true,121,"",11,'DIESEL',5,true,180000,30169.23,'Skoda',200000,'superb combi 2,0 tdi 140 pk Greentec',120,true,'STEEL');
INSERT INTO car (id,version,amountDowngrade,amountUpgrade,benefit,bluetooth,co2,description,fiscHp,fuelType,functionalLevel,gps,idealKm,listPrice,make,maxKm,model,timeOfDeliveryInDays,towingBracketPossibility,tyreType) VALUES (1029,1,4343.68,4077.92,193.76,true,123,"",11,'DIESEL',5,true,180000,31180.52,'Audi',200000,'A4 avant 2,0 tdi 120 pk',120,true,'ALUMINIUM');
INSERT INTO car (id,version,amountDowngrade,amountUpgrade,benefit,bluetooth,co2,description,fiscHp,fuelType,functionalLevel,gps,idealKm,listPrice,make,maxKm,model,timeOfDeliveryInDays,towingBracketPossibility,tyreType) VALUES (1030,1,0,1501.75,181.79,true,109,"",11,'DIESEL',6,true,180000,34864.63,'Audi',200000,'A4 avant 2,0 tdi ultra 136 pk 6 v',120,true,'STEEL');
INSERT INTO car (id,version,amountDowngrade,amountUpgrade,benefit,bluetooth,co2,description,fiscHp,fuelType,functionalLevel,gps,idealKm,listPrice,make,maxKm,model,timeOfDeliveryInDays,towingBracketPossibility,tyreType) VALUES (1031,1,0,2487.12,187.98,true,114,"",11,'DIESEL',6,true,180000,33739.6,'Audi',200000,'Q3 2,0 tdi ultra 150 pk',150,true,'ALUMINIUM');
INSERT INTO car (id,version,amountDowngrade,amountUpgrade,benefit,bluetooth,co2,description,fiscHp,fuelType,functionalLevel,gps,idealKm,listPrice,make,maxKm,model,timeOfDeliveryInDays,towingBracketPossibility,tyreType) VALUES (1032,1,0,2963.81,188.6,true,109,"",11,'DIESEL',6,true,180000,36170.39,'Audi',200000,'A4 berline 2,0 tdi 163 pk ultra',120,true,'STEEL');
INSERT INTO car (id,version,amountDowngrade,amountUpgrade,benefit,bluetooth,co2,description,fiscHp,fuelType,functionalLevel,gps,idealKm,listPrice,make,maxKm,model,timeOfDeliveryInDays,towingBracketPossibility,tyreType) VALUES (1033,1,0,3488.23,217.89,true,114,"",11,'DIESEL',6,true,180000,39108.5,'Audi',200000,'A6 berline 2,0 tdi 136 pk',120,true,'ALUMINIUM');
INSERT INTO car (id,version,amountDowngrade,amountUpgrade,benefit,bluetooth,co2,description,fiscHp,fuelType,functionalLevel,gps,idealKm,listPrice,make,maxKm,model,timeOfDeliveryInDays,towingBracketPossibility,tyreType) VALUES (1034,1,0,4376.24,223.6,true,118,"",11,'DIESEL',6,true,180000,38175.3,'Audi',200000,'A5 sportback 2,0 tdi 150 pk',120,true,'ALUMINIUM');
INSERT INTO car (id,version,amountDowngrade,amountUpgrade,benefit,bluetooth,co2,description,fiscHp,fuelType,functionalLevel,gps,idealKm,listPrice,make,maxKm,model,timeOfDeliveryInDays,towingBracketPossibility,tyreType) VALUES (1035,1,0,4827.21,236.78,true,130,"",11,'DIESEL',6,true,140000,35265.09,'Seat',180000,'New Alhambra Style2,0 tdi 150 pk',120,true,'ALUMINIUM');
INSERT INTO car (id,version,amountDowngrade,amountUpgrade,benefit,bluetooth,co2,description,fiscHp,fuelType,functionalLevel,gps,idealKm,listPrice,make,maxKm,model,timeOfDeliveryInDays,towingBracketPossibility,tyreType) VALUES (1036,1,0,5689.32,241.08,true,118,"",11,'DIESEL',6,true,180000,41159.3,'Audi',200000,'A6 avant 2,0 tdi 136 pk',120,true,'ALUMINIUM');
INSERT INTO car (id,version,amountDowngrade,amountUpgrade,benefit,bluetooth,co2,description,fiscHp,fuelType,functionalLevel,gps,idealKm,listPrice,make,maxKm,model,timeOfDeliveryInDays,towingBracketPossibility,tyreType) VALUES (1037,1,0,528.28,240.79,true,130,"",11,'DIESEL',7,true,140000,35862.03,'Seat',180000,'New Alhambra Style2,0 tdi 150 pk',120,true,'ALUMINIUM');
INSERT INTO car (id,version,amountDowngrade,amountUpgrade,benefit,bluetooth,co2,description,fiscHp,fuelType,functionalLevel,gps,idealKm,listPrice,make,maxKm,model,timeOfDeliveryInDays,towingBracketPossibility,tyreType) VALUES (1038,1,0,1090.44,241.4,true,114,"",11,'DIESEL',7,true,180000,43328.04,'Audi',200000,'A6 berline 2,0 tdi 150 pk',120,true,'ALUMINIUM');
INSERT INTO car (id,version,amountDowngrade,amountUpgrade,benefit,bluetooth,co2,description,fiscHp,fuelType,functionalLevel,gps,idealKm,listPrice,make,maxKm,model,timeOfDeliveryInDays,towingBracketPossibility,tyreType) VALUES (1039,1,0,3985.73,253.91,true,114,"",11,'DIESEL',7,true,180000,45574.16,'Audi',200000,'A6 berline 2,0 tdi 190 pk',120,true,'ALUMINIUM');
INSERT INTO car (id,version,amountDowngrade,amountUpgrade,benefit,bluetooth,co2,description,fiscHp,fuelType,functionalLevel,gps,idealKm,listPrice,make,maxKm,model,timeOfDeliveryInDays,towingBracketPossibility,tyreType) VALUES (1040,1,0,3464.29,265.79,true,118,"",11,'DIESEL',7,true,180000,45378.84,'Audi',200000,'A6 avant 2,0 tdi 150 pk',120,true,'ALUMINIUM');
INSERT INTO car (id,version,amountDowngrade,amountUpgrade,benefit,bluetooth,co2,description,fiscHp,fuelType,functionalLevel,gps,idealKm,listPrice,make,maxKm,model,timeOfDeliveryInDays,towingBracketPossibility,tyreType) VALUES (1041,1,0,3393.44,266.01,true,129,"",11,'DIESEL',7,true,180000,40044.08,'Audi',200000,'Q5 2,0 tdi150 pk',180,true,'ALUMINIUM');
INSERT INTO car (id,version,amountDowngrade,amountUpgrade,benefit,bluetooth,co2,description,fiscHp,fuelType,functionalLevel,gps,idealKm,listPrice,make,maxKm,model,timeOfDeliveryInDays,towingBracketPossibility,tyreType) VALUES (1042,1,0,5625.56,282.35,true,119,"",11,'DIESEL',7,true,180000,47624.93,'Audi',200000,'A6 Avant 2,0 tdi 190 pk',120,true,'ALUMINIUM');
INSERT INTO car (id,version,amountDowngrade,amountUpgrade,benefit,bluetooth,co2,description,fiscHp,fuelType,functionalLevel,gps,idealKm,listPrice,make,maxKm,model,timeOfDeliveryInDays,towingBracketPossibility,tyreType) VALUES (1043,1,0,3313.17,290.38,true,130,"",11,'DIESEL',7,true,140000,43247.62,'VW',180000,'New Sharan Comfortline 2,0 tdi 150 pk',150,true,'STEEL');
INSERT INTO caroption (id,version,description) VALUES (1000,1,"Cruise Control");
INSERT INTO caroption (id,version,description) VALUES (1001,1,"Dakrails");
INSERT INTO caroption (id,version,description) VALUES (1002,1,"Trekhaak tot 750kg");
INSERT INTO caroption (id,version,description) VALUES (1003,1,"Trekhaak > 750kg");
INSERT INTO caroption (id,version,description) VALUES (1004,1,"Automaat");
INSERT INTO caroption (id,version,description) VALUES (1005,1,"7-Zits");
INSERT INTO caroption (id,version,description) VALUES (1006,1,"Reservewiel");
INSERT INTO caroption (id,version,description) VALUES (1007,1,"Parkeersensoren");
INSERT INTO caroption (id,version,description) VALUES (1008,1,"Lederen interieur");
INSERT INTO caroption (id,version,description) VALUES (1009,1,"Verwarmde zetels");
INSERT INTO caroption (id,version,description) VALUES (1010,1,"Getinte ruiten");
INSERT INTO pack (id,version,name) VALUES (1000,1,"Pack Intuition Plus");
INSERT INTO pack (id,version,name) VALUES (1001,1,"Pack Electronic");
INSERT INTO pack (id,version,name) VALUES (1002,1,"Pack Dynamic");
INSERT INTO pack (id,version,name) VALUES (1003,1,"Pack LED");
INSERT INTO pack (id,version,name) VALUES (1004,1,"Pack ambition Gps");
INSERT INTO pack (id,version,name) VALUES (1005,1,"Pack ambition GPS TomTom Via 135 LTM");
INSERT INTO pack (id,version,name) VALUES (1006,1,"Pack Business Class @ discover Pro");
INSERT INTO pack (id,version,name) VALUES (1007,1,"Pack Business Class @ discover Media");
INSERT INTO pack (id,version,name) VALUES (1008,1,"Pack business @ Gps Discover Media");
INSERT INTO pack (id,version,name) VALUES (1009,1,"Pack Comfort 2");
INSERT INTO pack (id,version,name) VALUES (1010,1,"Pack Intuition Plus");
INSERT INTO pack (id,version,name) VALUES (1011,1,"Pack Lounge");
INSERT INTO pack (id,version,name) VALUES (1012,1,"Pack Business Class @ discover Media");
INSERT INTO pack (id,version,name) VALUES (1013,1,"Pack Company Amundsen");
INSERT INTO pack (id,version,name) VALUES (1014,1,"Business Media Pack");
INSERT INTO pack_items (Pack_id,items) VALUES (1000,"metaalkleur (behalve Exclusive kleuren)");
INSERT INTO pack_items (Pack_id,items) VALUES (1000,"elektronische klimaatregeling");
INSERT INTO pack_items (Pack_id,items) VALUES (1000,"GPS met SD-kaart");
INSERT INTO pack_items (Pack_id,items) VALUES (1000,"alu velgen 10 spaken 16");
INSERT INTO pack_items (Pack_id,items) VALUES (1000,"Acoustic Parking System achteraan");
INSERT INTO pack_items (Pack_id,items) VALUES (1000,"Audi Music Interface");
INSERT INTO pack_items (Pack_id,items) VALUES (1000,"Bluetooth connectie (telefoon en audio)");
INSERT INTO pack_items (Pack_id,items) VALUES (1000,"multifunctiestuur");
INSERT INTO pack_items (Pack_id,items) VALUES (1000,"boordcomputer");
INSERT INTO pack_items (Pack_id,items) VALUES (1001,"regensensor, Automatische lichten,");
INSERT INTO pack_items (Pack_id,items) VALUES (1001,"snelheidsregelaar");
INSERT INTO pack_items (Pack_id,items) VALUES (1001,"Parkeersensoren achteraan");
INSERT INTO pack_items (Pack_id,items) VALUES (1001,"Seat Portable System");
INSERT INTO pack_items (Pack_id,items) VALUES (1001,"Gps, Bluetooth, Micro-SD slot, aanraakscherm");
INSERT INTO pack_items (Pack_id,items) VALUES (1001,"Opbergmodule");
INSERT INTO pack_items (Pack_id,items) VALUES (1001,"Centrale armsteun, opbergladen onder voorzetels");
INSERT INTO pack_items (Pack_id,items) VALUES (1002,"Automatische koplampen, ruitenwisser, achteruitkijkspiegel");
INSERT INTO pack_items (Pack_id,items) VALUES (1002,"Parkeersensoren V + A");
INSERT INTO pack_items (Pack_id,items) VALUES (1002,"Radio/CD/GPS met Bluetooth, aux-in en USB");
INSERT INTO pack_items (Pack_id,items) VALUES (1003,"LED koplampen + achterlichten met LED technologie");
INSERT INTO pack_items (Pack_id,items) VALUES (1004,"GPS Amundsen");
INSERT INTO pack_items (Pack_id,items) VALUES (1004,"Tuner DAB");
INSERT INTO pack_items (Pack_id,items) VALUES (1004,"boord computer maxi dot");
INSERT INTO pack_items (Pack_id,items) VALUES (1004,"multifunktioneel stuur");
INSERT INTO pack_items (Pack_id,items) VALUES (1004,"bluetooth");
INSERT INTO pack_items (Pack_id,items) VALUES (1004,"lane assist");
INSERT INTO pack_items (Pack_id,items) VALUES (1004,"vloer tapijten");
INSERT INTO pack_items (Pack_id,items) VALUES (1005,"Climatronic");
INSERT INTO pack_items (Pack_id,items) VALUES (1005,"armsteun vooraan");
INSERT INTO pack_items (Pack_id,items) VALUES (1005,"Gps tomtom");
INSERT INTO pack_items (Pack_id,items) VALUES (1005,"radio cd swing mp3");
INSERT INTO pack_items (Pack_id,items) VALUES (1006,"Climatronic");
INSERT INTO pack_items (Pack_id,items) VALUES (1006,"8 luidsprekers");
INSERT INTO pack_items (Pack_id,items) VALUES (1006,"3D navigatie met 8 inch aanraakscherm");
INSERT INTO pack_items (Pack_id,items) VALUES (1006,"Aux in, USB, 2xSD");
INSERT INTO pack_items (Pack_id,items) VALUES (1006,"weergave foto, MP3, Divx, …");
INSERT INTO pack_items (Pack_id,items) VALUES (1006,"Bluetooth connectie (telefoon en audio)");
INSERT INTO pack_items (Pack_id,items) VALUES (1006,"SSD harde schijf");
INSERT INTO pack_items (Pack_id,items) VALUES (1006,"Parkeersensoren voor en achter");
INSERT INTO pack_items (Pack_id,items) VALUES (1006,"Park Assist (=semi-automatisch parkeren)");
INSERT INTO pack_items (Pack_id,items) VALUES (1006,"Elektrisch inklapbare spiegels (automatisch met het afsluiten)");
INSERT INTO pack_items (Pack_id,items) VALUES (1006,"Licht- en zichtmodule (automatische lichten en regensensor)");
INSERT INTO pack_items (Pack_id,items) VALUES (1007,"Metaalkleur");
INSERT INTO pack_items (Pack_id,items) VALUES (1007,"Climatronic");
INSERT INTO pack_items (Pack_id,items) VALUES (1007,"8 luidsprekers");
INSERT INTO pack_items (Pack_id,items) VALUES (1007,"Navigatie met 5,8 inch aanraakscherm");
INSERT INTO pack_items (Pack_id,items) VALUES (1007,"CD-lezer");
INSERT INTO pack_items (Pack_id,items) VALUES (1007,"Aux in, USB, SD");
INSERT INTO pack_items (Pack_id,items) VALUES (1007,"Bluetooth connectie (telefoon en audio)");
INSERT INTO pack_items (Pack_id,items) VALUES (1007,"Armsteun vooraan");
INSERT INTO pack_items (Pack_id,items) VALUES (1007,"Parkeersensoren voor en achter");
INSERT INTO pack_items (Pack_id,items) VALUES (1007,"Park Assist (=semi-automatisch parkeren)");
INSERT INTO pack_items (Pack_id,items) VALUES (1007,"Elektrisch inklapbare spiegels (automatisch met het afsluiten)");
INSERT INTO pack_items (Pack_id,items) VALUES (1007,"Licht- en zichtmodule (automatische lichten en regensensor)");
INSERT INTO pack_items (Pack_id,items) VALUES (1008,"Bediening aan het stuur van de boordcomputer, radio en telefoon");
INSERT INTO pack_items (Pack_id,items) VALUES (1008,"Boordcomputer  inchPlus inch");
INSERT INTO pack_items (Pack_id,items) VALUES (1008,"GPS Discover Media");
INSERT INTO pack_items (Pack_id,items) VALUES (1008,"bluetooth");
INSERT INTO pack_items (Pack_id,items) VALUES (1008,"sd-card reader");
INSERT INTO pack_items (Pack_id,items) VALUES (1008,"detail Europa");
INSERT INTO pack_items (Pack_id,items) VALUES (1009,"Centrale armsteun vooraan");
INSERT INTO pack_items (Pack_id,items) VALUES (1009,"Cruise control");
INSERT INTO pack_items (Pack_id,items) VALUES (1009,"Climatronic (automatische airco)");
INSERT INTO pack_items (Pack_id,items) VALUES (1011,"binnenbekleding leder Milano");
INSERT INTO pack_items (Pack_id,items) VALUES (1011,"verwarmde zetels vooraan");
INSERT INTO pack_items (Pack_id,items) VALUES (1011,"opbergmodule");
INSERT INTO pack_items (Pack_id,items) VALUES (1011,"licht- en regensensor");
INSERT INTO pack_items (Pack_id,items) VALUES (1011,"automatische binnenspiegel dag-nacht");
INSERT INTO pack_items (Pack_id,items) VALUES (1013,"cruise control");
INSERT INTO pack_items (Pack_id,items) VALUES (1013,"GPS Amundsen");
INSERT INTO pack_items (Pack_id,items) VALUES (1013,"boord computer maxi dot");
INSERT INTO pack_items (Pack_id,items) VALUES (1013,"multifunktioneel stuur");
INSERT INTO pack_items (Pack_id,items) VALUES (1013,"bluetooth");
INSERT INTO pack_items (Pack_id,items) VALUES (1013,"vloer tapijten");
INSERT INTO pack_items (Pack_id,items) VALUES (1013,"accoustic parking system voor/ achteraan");
INSERT INTO pack_items (Pack_id,items) VALUES (1013,"binnen/buitenspiegels met dimfunktie");
INSERT INTO pack_items (Pack_id,items) VALUES (1014,"GPS Discover Media");
INSERT INTO pack_items (Pack_id,items) VALUES (1014,"8 luidsprekers");
INSERT INTO pack_items (Pack_id,items) VALUES (1014,"Navigatie met 5,8 inch aanraakscherm");
INSERT INTO pack_items (Pack_id,items) VALUES (1014,"Navigatiegegevens Europa op SD-kaart");
INSERT INTO pack_items (Pack_id,items) VALUES (1014,"CD-lezer");
INSERT INTO pack_items (Pack_id,items) VALUES (1014,"Aux in, USB, SD");
INSERT INTO pack_items (Pack_id,items) VALUES (1014,"Bluetooth connectie (telefoon en audio)");
INSERT INTO pack_items (Pack_id,items) VALUES (1014,"Climatronic (3-zones)");
INSERT INTO pack_items (Pack_id,items) VALUES (1014,"Boordcomputer PREMIUM");
INSERT INTO car_pack (Car_id,packs_id) VALUES (1000,1000);
INSERT INTO car_pack (Car_id,packs_id) VALUES (1000,1010);
INSERT INTO car_pack (Car_id,packs_id) VALUES (1001,1001);
INSERT INTO car_pack (Car_id,packs_id) VALUES (1002,1002);
INSERT INTO car_pack (Car_id,packs_id) VALUES (1003,1004);
INSERT INTO car_pack (Car_id,packs_id) VALUES (1004,1004);
INSERT INTO car_pack (Car_id,packs_id) VALUES (1008,1009);
INSERT INTO car_pack (Car_id,packs_id) VALUES (1009,1000);
INSERT INTO car_pack (Car_id,packs_id) VALUES (1009,1010);
INSERT INTO car_pack (Car_id,packs_id) VALUES (1009,1011);
INSERT INTO car_pack (Car_id,packs_id) VALUES (1011,1013);
INSERT INTO car_pack (Car_id,packs_id) VALUES (1013,1013);
INSERT INTO car_pack (Car_id,packs_id) VALUES (1023,1000);
INSERT INTO car_pack (Car_id,packs_id) VALUES (1023,1010);
INSERT INTO car_pack (Car_id,packs_id) VALUES (1023,1011);
INSERT INTO car_pack (Car_id,packs_id) VALUES (1030,1011);
INSERT INTO car_pack (Car_id,packs_id) VALUES (1032,1011);
INSERT INTO car_pack (Car_id,packs_id) VALUES (1034,1011);
INSERT INTO car_pack (Car_id,packs_id) VALUES (1038,1011);
INSERT INTO car_pack (Car_id,packs_id) VALUES (1039,1011);
INSERT INTO car_pack (Car_id,packs_id) VALUES (1040,1011);
INSERT INTO car_pack (Car_id,packs_id) VALUES (1041,1011);
INSERT INTO car_pack (Car_id,packs_id) VALUES (1042,1011);
INSERT INTO employeecar (id,version,carStatus,mileage,licensePlate,selectedCar_id) VALUES (1000,1,"NOT_USED",160345,"5-JYK-988",1004);
INSERT INTO employeecar (id,version,carStatus,mileage,licensePlate,selectedCar_id) VALUES (1001,1,"NOT_USED",68600,"4-KRO-253",1001);
INSERT INTO employeecar (id,version,carStatus,mileage,licensePlate,selectedCar_id) VALUES (1002,1,"NOT_USED",98859,"0-JOL-726",1023);
INSERT INTO employeecar (id,version,carStatus,mileage,licensePlate,selectedCar_id) VALUES (1003,1,"NOT_USED",79087,"6-MMT-012",1025);
INSERT INTO employeecar (id,version,carStatus,mileage,licensePlate,selectedCar_id) VALUES (1004,1,"NOT_USED",164069,"5-CYR-455",1016);
INSERT INTO employeecar (id,version,carStatus,mileage,licensePlate,selectedCar_id) VALUES (1005,1,"NOT_USED",57374,"0-RJA-703",1020);
INSERT INTO employeecar (id,version,carStatus,mileage,licensePlate,selectedCar_id) VALUES (1006,1,"NOT_USED",161575,"1-LRT-688",1024);
INSERT INTO employeecar (id,version,carStatus,mileage,licensePlate,selectedCar_id) VALUES (1007,1,"IN_USE",89543,"7-NYJ-064",1026);
INSERT INTO employeecar (id,version,carStatus,mileage,licensePlate,selectedCar_id) VALUES (1008,1,"IN_USE",83745,"5-ONJ-770",1032);
INSERT INTO employeecar (id,version,carStatus,mileage,licensePlate,selectedCar_id) VALUES (1009,1,"IN_USE",29490,"2-OYM-514",1035);
INSERT INTO employeecar (id,version,carStatus,mileage,licensePlate,selectedCar_id) VALUES (1010,1,"IN_USE",23271,"5-XQM-952",1031);
INSERT INTO employeecar (id,version,carStatus,mileage,licensePlate,selectedCar_id) VALUES (1011,1,"IN_USE",91291,"0-XZD-980",1035);
INSERT INTO employeecar (id,version,carStatus,mileage,licensePlate,selectedCar_id) VALUES (1012,1,"NOT_USED",164095,"1-RQK-464",1033);
INSERT INTO employeecar (id,version,carStatus,mileage,licensePlate,selectedCar_id) VALUES (1013,1,"IN_USE",7097,"8-KPV-793",1035);
INSERT INTO employeecar (id,version,carStatus,mileage,licensePlate,selectedCar_id) VALUES (1014,1,"NOT_USED",164957,"3-UPR-113",1012);
INSERT INTO employeecar (id,version,carStatus,mileage,licensePlate,selectedCar_id) VALUES (1015,1,"IN_USE",88935,"2-EUO-378",1013);
INSERT INTO employeecar (id,version,carStatus,mileage,licensePlate,selectedCar_id) VALUES (1016,1,"IN_USE",30708,"8-BHF-630",1028);
INSERT INTO employeecar (id,version,carStatus,mileage,licensePlate,selectedCar_id) VALUES (1017,1,"IN_USE",25587,"3-DHF-107",1025);
INSERT INTO employeecar (id,version,carStatus,mileage,licensePlate,selectedCar_id) VALUES (1018,1,"NOT_USED",160805,"7-GKJ-659",1026);
INSERT INTO employeecar (id,version,carStatus,mileage,licensePlate,selectedCar_id) VALUES (1019,1,"IN_USE",66266,"3-MLC-193",1027);
INSERT INTO employeecar (id,version,carStatus,mileage,licensePlate,selectedCar_id) VALUES (1020,1,"IN_USE",63345,"4-SEX-519",1031);
INSERT INTO employeecar (id,version,carStatus,mileage,licensePlate,selectedCar_id) VALUES (1021,1,"IN_USE",65979,"2-YBS-688",1032);
INSERT INTO employeecar (id,version,carStatus,mileage,licensePlate,selectedCar_id) VALUES (1022,1,"IN_USE",89940,"3-AYV-809",1028);
INSERT INTO employeecar (id,version,carStatus,mileage,licensePlate,selectedCar_id) VALUES (1023,1,"IN_USE",41268,"0-JMS-546",1025);
INSERT INTO employeecar (id,version,carStatus,mileage,licensePlate,selectedCar_id) VALUES (1024,1,"NOT_USED",163941,"8-ELK-891",1019);
INSERT INTO employeecar (id,version,carStatus,mileage,licensePlate,selectedCar_id) VALUES (1025,1,"IN_USE",31648,"6-RFD-159",1019);
INSERT INTO employeecar (id,version,carStatus,mileage,licensePlate,selectedCar_id) VALUES (1026,1,"NOT_USED",160561,"0-QSB-976",1029);
INSERT INTO employeecar (id,version,carStatus,mileage,licensePlate,selectedCar_id) VALUES (1027,1,"IN_USE",47166,"4-UZN-894",1023);
INSERT INTO employeecar (id,version,carStatus,mileage,licensePlate,selectedCar_id) VALUES (1028,1,"NOT_USED",163842,"2-ZXJ-455",1016);
INSERT INTO employeecar (id,version,carStatus,mileage,licensePlate,selectedCar_id) VALUES (1029,1,"IN_USE",99210,"8-DNZ-593",1019);
INSERT INTO employeecar (id,version,carStatus,mileage,licensePlate,selectedCar_id) VALUES (1030,1,"IN_USE",40229,"1-PYH-686",1030);
INSERT INTO employeecar (id,version,carStatus,mileage,licensePlate,selectedCar_id) VALUES (1031,1,"IN_USE",71764,"0-ISJ-027",1035);
INSERT INTO employeecar (id,version,carStatus,mileage,licensePlate,selectedCar_id) VALUES (1032,1,"IN_USE",69204,"4-DKG-627",1018);
INSERT INTO employeecar (id,version,carStatus,mileage,licensePlate,selectedCar_id) VALUES (1033,1,"IN_USE",87213,"2-LGL-671",1016);
INSERT INTO employeecar (id,version,carStatus,mileage,licensePlate,selectedCar_id) VALUES (1034,1,"NOT_USED",162323,"6-BOB-713",1021);
INSERT INTO employeecar (id,version,carStatus,mileage,licensePlate,selectedCar_id) VALUES (1035,1,"IN_USE",84463,"0-AGC-950",1021);
INSERT INTO employeecar (id,version,carStatus,mileage,licensePlate,selectedCar_id) VALUES (1036,1,"NOT_USED",162989,"8-IGB-003",1011);
INSERT INTO employeecar (id,version,carStatus,mileage,licensePlate,selectedCar_id) VALUES (1037,1,"IN_USE",87905,"2-HDT-022",1014);
INSERT INTO employeecar (id,version,carStatus,mileage,licensePlate,selectedCar_id) VALUES (1038,1,"IN_USE",76367,"2-TCA-453",1030);
INSERT INTO employeecar (id,version,carStatus,mileage,licensePlate,selectedCar_id) VALUES (1039,1,"IN_USE",19555,"5-LHV-183",1032);
INSERT INTO employeecar (id,version,carStatus,mileage,licensePlate,selectedCar_id) VALUES (1040,1,"NOT_USED",161625,"9-FTS-493",1011);
INSERT INTO employeecar (id,version,carStatus,mileage,licensePlate,selectedCar_id) VALUES (1041,1,"IN_USE",83900,"2-QSX-836",1010);
INSERT INTO employeecar (id,version,carStatus,mileage,licensePlate,selectedCar_id) VALUES (1042,1,"NOT_USED",164053,"1-TMP-439",1015);
INSERT INTO employeecar (id,version,carStatus,mileage,licensePlate,selectedCar_id) VALUES (1043,1,"IN_USE",53347,"8-GCF-065",1015);
INSERT INTO employeecar (id,version,carStatus,mileage,licensePlate,selectedCar_id) VALUES (1044,1,"NOT_USED",160154,"4-RHR-163",1002);
INSERT INTO employeecar (id,version,carStatus,mileage,licensePlate,selectedCar_id) VALUES (1045,1,"IN_USE",95973,"8-NQL-009",1002);
INSERT INTO employeecar (id,version,carStatus,mileage,licensePlate,selectedCar_id) VALUES (1046,1,"IN_USE",95850,"6-DWQ-187",1034);
INSERT INTO employeecar (id,version,carStatus,mileage,licensePlate,selectedCar_id) VALUES (1047,1,"IN_USE",91283,"9-OHS-614",1036);
INSERT INTO employeecar (id,version,carStatus,mileage,licensePlate,selectedCar_id) VALUES (1048,1,"IN_USE",53756,"9-GAL-583",1034);
INSERT INTO employeecar (id,version,carStatus,mileage,licensePlate,selectedCar_id) VALUES (1049,1,"IN_USE",68249,"8-OQK-479",1034);
INSERT INTO employeecar (id,version,carStatus,mileage,licensePlate,selectedCar_id) VALUES (1050,1,"NOT_USED",162963,"1-SYO-525",1030);
INSERT INTO employeecar (id,version,carStatus,mileage,licensePlate,selectedCar_id) VALUES (1051,1,"IN_USE",98528,"4-DWN-326",1030);
INSERT INTO employeecar (id,version,carStatus,mileage,licensePlate,selectedCar_id) VALUES (1052,1,"IN_USE",42467,"1-HPK-922",1023);
INSERT INTO employeecar (id,version,carStatus,mileage,licensePlate,selectedCar_id) VALUES (1053,1,"IN_USE",103441,"2-BJC-693",1027);
INSERT INTO employeecar (id,version,carStatus,mileage,licensePlate,selectedCar_id) VALUES (1054,1,"NOT_USED",160090,"7-JGZ-423",1027);
INSERT INTO employeecar (id,version,carStatus,mileage,licensePlate,selectedCar_id) VALUES (1055,1,"IN_USE",66917,"6-GSK-916",1028);
INSERT INTO employeecar (id,version,carStatus,mileage,licensePlate,selectedCar_id) VALUES (1056,1,"NOT_USED",160725,"2-KMQ-084",1018);
INSERT INTO employeecar (id,version,carStatus,mileage,licensePlate,selectedCar_id) VALUES (1057,1,"IN_USE",96028,"7-YVG-097",1021);
INSERT INTO employeecar (id,version,carStatus,mileage,licensePlate,selectedCar_id) VALUES (1058,1,"NOT_USED",161589,"7-VZP-953",1018);
INSERT INTO employeecar (id,version,carStatus,mileage,licensePlate,selectedCar_id) VALUES (1059,1,"IN_USE",17892,"0-PCI-486",1017);
INSERT INTO employeecar (id,version,carStatus,mileage,licensePlate,selectedCar_id) VALUES (1060,1,"NOT_USED",163065,"3-PCS-510",1005);
INSERT INTO employeecar (id,version,carStatus,mileage,licensePlate,selectedCar_id) VALUES (1061,1,"IN_USE",70430,"7-GLP-481",1002);
INSERT INTO employeecar (id,version,carStatus,mileage,licensePlate,selectedCar_id) VALUES (1062,1,"NOT_USED",164890,"0-EVW-464",1032);
INSERT INTO employeecar (id,version,carStatus,mileage,licensePlate,selectedCar_id) VALUES (1063,1,"IN_USE",53489,"4-HDI-486",1034);
INSERT INTO employeecar (id,version,carStatus,mileage,licensePlate,selectedCar_id) VALUES (1064,1,"IN_USE",6945,"5-GSD-927",1004);
INSERT INTO employeecar (id,version,carStatus,mileage,licensePlate,selectedCar_id) VALUES (1065,1,"IN_USE",28431,"7-PCM-293",1006);
INSERT INTO employeecar (id,version,carStatus,mileage,licensePlate,selectedCar_id) VALUES (1066,1,"IN_USE",92062,"4-DVZ-501",1010);
INSERT INTO employeecar (id,version,carStatus,mileage,licensePlate,selectedCar_id) VALUES (1067,1,"IN_USE",46877,"1-QYG-479",1009);
INSERT INTO employeecar (id,version,carStatus,mileage,licensePlate,selectedCar_id) VALUES (1068,1,"NOT_USED",160651,"3-RGV-045",1029);
INSERT INTO employeecar (id,version,carStatus,mileage,licensePlate,selectedCar_id) VALUES (1069,1,"IN_USE",20295,"9-OND-893",1028);
INSERT INTO employeecar (id,version,carStatus,mileage,licensePlate,selectedCar_id) VALUES (1070,1,"NOT_USED",161616,"8-RKH-993",1005);
INSERT INTO employeecar (id,version,carStatus,mileage,licensePlate,selectedCar_id) VALUES (1071,1,"IN_USE",83743,"1-DMG-851",1000);
INSERT INTO employeecar (id,version,carStatus,mileage,licensePlate,selectedCar_id) VALUES (1072,1,"IN_USE",11325,"0-HKK-898",1032);
INSERT INTO employeecar (id,version,carStatus,mileage,licensePlate,selectedCar_id) VALUES (1073,1,"IN_USE",60291,"6-IIV-900",1032);
INSERT INTO employeecar (id,version,carStatus,mileage,licensePlate,selectedCar_id) VALUES (1074,1,"IN_USE",101476,"1-SWI-090",1005);
INSERT INTO employeecar (id,version,carStatus,mileage,licensePlate,selectedCar_id) VALUES (1075,1,"IN_USE",39247,"7-ZYC-873",1003);
INSERT INTO employeecar (id,version,carStatus,mileage,licensePlate,selectedCar_id) VALUES (1076,1,"NOT_USED",162422,"2-VXI-008",1001);
INSERT INTO employeecar (id,version,carStatus,mileage,licensePlate,selectedCar_id) VALUES (1077,1,"IN_USE",71009,"4-IRW-582",1001);
INSERT INTO employeecar (id,version,carStatus,mileage,licensePlate,selectedCar_id) VALUES (1078,1,"IN_USE",104826,"3-STI-475",1035);
INSERT INTO employeecar (id,version,carStatus,mileage,licensePlate,selectedCar_id) VALUES (1079,1,"IN_USE",75881,"2-LCH-159",1033);
INSERT INTO employeecar (id,version,carStatus,mileage,licensePlate,selectedCar_id) VALUES (1080,1,"IN_USE",22520,"7-RYD-101",1002);
INSERT INTO employeecar (id,version,carStatus,mileage,licensePlate,selectedCar_id) VALUES (1081,1,"IN_USE",19147,"1-DCK-775",1000);
INSERT INTO employeecar (id,version,carStatus,mileage,licensePlate,selectedCar_id) VALUES (1082,1,"IN_USE",99339,"3-PGE-040",1005);
INSERT INTO employeecar (id,version,carStatus,mileage,licensePlate,selectedCar_id) VALUES (1083,1,"IN_USE",78876,"8-SDY-463",1001);
INSERT INTO employeecar (id,version,carStatus,mileage,licensePlate,selectedCar_id) VALUES (1084,1,"NOT_USED",161938,"5-JRK-546",1021);
INSERT INTO employeecar (id,version,carStatus,mileage,licensePlate,selectedCar_id) VALUES (1085,1,"IN_USE",35295,"6-OFN-786",1019);
INSERT INTO employeecar (id,version,carStatus,mileage,licensePlate,selectedCar_id) VALUES (1086,1,"NOT_USED",160550,"2-NVP-998",1015);
INSERT INTO employeecar (id,version,carStatus,mileage,licensePlate,selectedCar_id) VALUES (1087,1,"IN_USE",32456,"3-EBY-188",1019);
INSERT INTO employeecar (id,version,carStatus,mileage,licensePlate,selectedCar_id) VALUES (1088,1,"IN_USE",10493,"5-JYC-362",1019);
INSERT INTO employeecar (id,version,carStatus,mileage,licensePlate,selectedCar_id) VALUES (1089,1,"IN_USE",29268,"4-EWQ-634",1021);
INSERT INTO employeecar (id,version,carStatus,mileage,licensePlate,selectedCar_id) VALUES (1090,1,"NOT_USED",160496,"5-YJT-995",1019);
INSERT INTO employeecar (id,version,carStatus,mileage,licensePlate,selectedCar_id) VALUES (1091,1,"IN_USE",72076,"6-AXW-071",1015);
INSERT INTO employeecar (id,version,carStatus,mileage,licensePlate,selectedCar_id) VALUES (1092,1,"IN_USE",79412,"9-HSJ-625",1005);
INSERT INTO employeecar (id,version,carStatus,mileage,licensePlate,selectedCar_id) VALUES (1093,1,"IN_USE",87108,"1-UTD-617",1005);
INSERT INTO employeecar (id,version,carStatus,mileage,licensePlate,selectedCar_id) VALUES (1094,1,"IN_USE",10416,"6-FSU-998",1027);
INSERT INTO employeecar (id,version,carStatus,mileage,licensePlate,selectedCar_id) VALUES (1095,1,"IN_USE",30426,"9-VFF-906",1028);
INSERT INTO employeecar (id,version,carStatus,mileage,licensePlate,selectedCar_id) VALUES (1096,1,"NOT_USED",162508,"6-IYE-051",1002);
INSERT INTO employeecar (id,version,carStatus,mileage,licensePlate,selectedCar_id) VALUES (1097,1,"IN_USE",48419,"4-UVM-806",1007);
INSERT INTO employeecar (id,version,carStatus,mileage,licensePlate,selectedCar_id) VALUES (1098,1,"NOT_USED",164023,"9-EHB-611",1019);
INSERT INTO employeecar (id,version,carStatus,mileage,licensePlate,selectedCar_id) VALUES (1099,1,"IN_USE",45270,"8-OWR-262",1018);
INSERT INTO employeecar_caroption (EmployeeCar_id,carOptions_id) VALUES (1000,1001);
INSERT INTO employeecar_caroption (EmployeeCar_id,carOptions_id) VALUES (1000,1005);
INSERT INTO employeecar_caroption (EmployeeCar_id,carOptions_id) VALUES (1001,1006);
INSERT INTO employeecar_caroption (EmployeeCar_id,carOptions_id) VALUES (1001,1007);
INSERT INTO employeecar_caroption (EmployeeCar_id,carOptions_id) VALUES (1002,1002);
INSERT INTO employeecar_caroption (EmployeeCar_id,carOptions_id) VALUES (1002,1010);
INSERT INTO employeecar_caroption (EmployeeCar_id,carOptions_id) VALUES (1003,1003);
INSERT INTO employeecar_caroption (EmployeeCar_id,carOptions_id) VALUES (1003,1006);
INSERT INTO employeecar_caroption (EmployeeCar_id,carOptions_id) VALUES (1004,1002);
INSERT INTO employeecar_caroption (EmployeeCar_id,carOptions_id) VALUES (1004,1004);
INSERT INTO employeecar_caroption (EmployeeCar_id,carOptions_id) VALUES (1004,1009);
INSERT INTO employeecar_caroption (EmployeeCar_id,carOptions_id) VALUES (1005,1000);
INSERT INTO employeecar_caroption (EmployeeCar_id,carOptions_id) VALUES (1005,1003);
INSERT INTO employeecar_caroption (EmployeeCar_id,carOptions_id) VALUES (1005,1006);
INSERT INTO employeecar_caroption (EmployeeCar_id,carOptions_id) VALUES (1006,1008);
INSERT INTO employeecar_caroption (EmployeeCar_id,carOptions_id) VALUES (1007,1002);
INSERT INTO employeecar_caroption (EmployeeCar_id,carOptions_id) VALUES (1007,1010);
INSERT INTO employeecar_caroption (EmployeeCar_id,carOptions_id) VALUES (1008,1000);
INSERT INTO employeecar_caroption (EmployeeCar_id,carOptions_id) VALUES (1008,1007);
INSERT INTO employeecar_caroption (EmployeeCar_id,carOptions_id) VALUES (1009,1003);
INSERT INTO employeecar_caroption (EmployeeCar_id,carOptions_id) VALUES (1010,1001);
INSERT INTO employeecar_caroption (EmployeeCar_id,carOptions_id) VALUES (1010,1009);
INSERT INTO employeecar_caroption (EmployeeCar_id,carOptions_id) VALUES (1011,1001);
INSERT INTO employeecar_caroption (EmployeeCar_id,carOptions_id) VALUES (1011,1006);
INSERT INTO employeecar_caroption (EmployeeCar_id,carOptions_id) VALUES (1012,1004);
INSERT INTO employeecar_caroption (EmployeeCar_id,carOptions_id) VALUES (1012,1009);
INSERT INTO employeecar_caroption (EmployeeCar_id,carOptions_id) VALUES (1013,1003);
INSERT INTO employeecar_caroption (EmployeeCar_id,carOptions_id) VALUES (1014,1002);
INSERT INTO employeecar_caroption (EmployeeCar_id,carOptions_id) VALUES (1014,1006);
INSERT INTO employeecar_caroption (EmployeeCar_id,carOptions_id) VALUES (1014,1007);
INSERT INTO employeecar_caroption (EmployeeCar_id,carOptions_id) VALUES (1015,1000);
INSERT INTO employeecar_caroption (EmployeeCar_id,carOptions_id) VALUES (1015,1004);
INSERT INTO employeecar_caroption (EmployeeCar_id,carOptions_id) VALUES (1016,1000);
INSERT INTO employeecar_caroption (EmployeeCar_id,carOptions_id) VALUES (1016,1003);
INSERT INTO employeecar_caroption (EmployeeCar_id,carOptions_id) VALUES (1016,1005);
INSERT INTO employeecar_caroption (EmployeeCar_id,carOptions_id) VALUES (1017,1005);
INSERT INTO employeecar_caroption (EmployeeCar_id,carOptions_id) VALUES (1018,1005);
INSERT INTO employeecar_caroption (EmployeeCar_id,carOptions_id) VALUES (1018,1008);
INSERT INTO employeecar_caroption (EmployeeCar_id,carOptions_id) VALUES (1019,1007);
INSERT INTO employeecar_caroption (EmployeeCar_id,carOptions_id) VALUES (1019,1009);
INSERT INTO employeecar_caroption (EmployeeCar_id,carOptions_id) VALUES (1020,1010);
INSERT INTO employeecar_caroption (EmployeeCar_id,carOptions_id) VALUES (1021,1000);
INSERT INTO employeecar_caroption (EmployeeCar_id,carOptions_id) VALUES (1021,1001);
INSERT INTO employeecar_caroption (EmployeeCar_id,carOptions_id) VALUES (1021,1007);
INSERT INTO employeecar_caroption (EmployeeCar_id,carOptions_id) VALUES (1022,1004);
INSERT INTO employeecar_caroption (EmployeeCar_id,carOptions_id) VALUES (1022,1008);
INSERT INTO employeecar_caroption (EmployeeCar_id,carOptions_id) VALUES (1023,1003);
INSERT INTO employeecar_caroption (EmployeeCar_id,carOptions_id) VALUES (1023,1004);
INSERT INTO employeecar_caroption (EmployeeCar_id,carOptions_id) VALUES (1023,1009);
INSERT INTO employeecar_caroption (EmployeeCar_id,carOptions_id) VALUES (1024,1000);
INSERT INTO employeecar_caroption (EmployeeCar_id,carOptions_id) VALUES (1024,1006);
INSERT INTO employeecar_caroption (EmployeeCar_id,carOptions_id) VALUES (1025,1002);
INSERT INTO employeecar_caroption (EmployeeCar_id,carOptions_id) VALUES (1025,1005);
INSERT INTO employeecar_caroption (EmployeeCar_id,carOptions_id) VALUES (1025,1010);
INSERT INTO employeecar_caroption (EmployeeCar_id,carOptions_id) VALUES (1026,1002);
INSERT INTO employeecar_caroption (EmployeeCar_id,carOptions_id) VALUES (1026,1007);
INSERT INTO employeecar_caroption (EmployeeCar_id,carOptions_id) VALUES (1026,1009);
INSERT INTO employeecar_caroption (EmployeeCar_id,carOptions_id) VALUES (1027,1005);
INSERT INTO employeecar_caroption (EmployeeCar_id,carOptions_id) VALUES (1028,1003);
INSERT INTO employeecar_caroption (EmployeeCar_id,carOptions_id) VALUES (1029,1003);
INSERT INTO employeecar_caroption (EmployeeCar_id,carOptions_id) VALUES (1029,1005);
INSERT INTO employeecar_caroption (EmployeeCar_id,carOptions_id) VALUES (1029,1008);
INSERT INTO employeecar_caroption (EmployeeCar_id,carOptions_id) VALUES (1030,1003);
INSERT INTO employeecar_caroption (EmployeeCar_id,carOptions_id) VALUES (1030,1007);
INSERT INTO employeecar_caroption (EmployeeCar_id,carOptions_id) VALUES (1031,1000);
INSERT INTO employeecar_caroption (EmployeeCar_id,carOptions_id) VALUES (1031,1001);
INSERT INTO employeecar_caroption (EmployeeCar_id,carOptions_id) VALUES (1031,1003);
INSERT INTO employeecar_caroption (EmployeeCar_id,carOptions_id) VALUES (1032,1005);
INSERT INTO employeecar_caroption (EmployeeCar_id,carOptions_id) VALUES (1032,1006);
INSERT INTO employeecar_caroption (EmployeeCar_id,carOptions_id) VALUES (1032,1008);
INSERT INTO employeecar_caroption (EmployeeCar_id,carOptions_id) VALUES (1033,1007);
INSERT INTO employeecar_caroption (EmployeeCar_id,carOptions_id) VALUES (1034,1000);
INSERT INTO employeecar_caroption (EmployeeCar_id,carOptions_id) VALUES (1034,1006);
INSERT INTO employeecar_caroption (EmployeeCar_id,carOptions_id) VALUES (1034,1007);
INSERT INTO employeecar_caroption (EmployeeCar_id,carOptions_id) VALUES (1035,1007);
INSERT INTO employeecar_caroption (EmployeeCar_id,carOptions_id) VALUES (1035,1008);
INSERT INTO employeecar_caroption (EmployeeCar_id,carOptions_id) VALUES (1035,1009);
INSERT INTO employeecar_caroption (EmployeeCar_id,carOptions_id) VALUES (1036,1003);
INSERT INTO employeecar_caroption (EmployeeCar_id,carOptions_id) VALUES (1036,1006);
INSERT INTO employeecar_caroption (EmployeeCar_id,carOptions_id) VALUES (1037,1001);
INSERT INTO employeecar_caroption (EmployeeCar_id,carOptions_id) VALUES (1037,1008);
INSERT INTO employeecar_caroption (EmployeeCar_id,carOptions_id) VALUES (1037,1009);
INSERT INTO employeecar_caroption (EmployeeCar_id,carOptions_id) VALUES (1038,1006);
INSERT INTO employeecar_caroption (EmployeeCar_id,carOptions_id) VALUES (1038,1009);
INSERT INTO employeecar_caroption (EmployeeCar_id,carOptions_id) VALUES (1039,1003);
INSERT INTO employeecar_caroption (EmployeeCar_id,carOptions_id) VALUES (1039,1008);
INSERT INTO employeecar_caroption (EmployeeCar_id,carOptions_id) VALUES (1039,1010);
INSERT INTO employeecar_caroption (EmployeeCar_id,carOptions_id) VALUES (1040,1010);
INSERT INTO employeecar_caroption (EmployeeCar_id,carOptions_id) VALUES (1041,1006);
INSERT INTO employeecar_caroption (EmployeeCar_id,carOptions_id) VALUES (1041,1008);
INSERT INTO employeecar_caroption (EmployeeCar_id,carOptions_id) VALUES (1042,1000);
INSERT INTO employeecar_caroption (EmployeeCar_id,carOptions_id) VALUES (1042,1004);
INSERT INTO employeecar_caroption (EmployeeCar_id,carOptions_id) VALUES (1042,1006);
INSERT INTO employeecar_caroption (EmployeeCar_id,carOptions_id) VALUES (1043,1000);
INSERT INTO employeecar_caroption (EmployeeCar_id,carOptions_id) VALUES (1043,1010);
INSERT INTO employeecar_caroption (EmployeeCar_id,carOptions_id) VALUES (1044,1006);
INSERT INTO employeecar_caroption (EmployeeCar_id,carOptions_id) VALUES (1044,1007);
INSERT INTO employeecar_caroption (EmployeeCar_id,carOptions_id) VALUES (1045,1002);
INSERT INTO employeecar_caroption (EmployeeCar_id,carOptions_id) VALUES (1045,1003);
INSERT INTO employeecar_caroption (EmployeeCar_id,carOptions_id) VALUES (1046,1004);
INSERT INTO employeecar_caroption (EmployeeCar_id,carOptions_id) VALUES (1046,1006);
INSERT INTO employeecar_caroption (EmployeeCar_id,carOptions_id) VALUES (1046,1008);
INSERT INTO employeecar_caroption (EmployeeCar_id,carOptions_id) VALUES (1047,1009);
INSERT INTO employeecar_caroption (EmployeeCar_id,carOptions_id) VALUES (1048,1002);
INSERT INTO employeecar_caroption (EmployeeCar_id,carOptions_id) VALUES (1048,1010);
INSERT INTO employeecar_caroption (EmployeeCar_id,carOptions_id) VALUES (1049,1000);
INSERT INTO employeecar_caroption (EmployeeCar_id,carOptions_id) VALUES (1049,1002);
INSERT INTO employeecar_caroption (EmployeeCar_id,carOptions_id) VALUES (1050,1001);
INSERT INTO employeecar_caroption (EmployeeCar_id,carOptions_id) VALUES (1051,1005);
INSERT INTO employeecar_caroption (EmployeeCar_id,carOptions_id) VALUES (1051,1009);
INSERT INTO employeecar_caroption (EmployeeCar_id,carOptions_id) VALUES (1051,1010);
INSERT INTO employeecar_caroption (EmployeeCar_id,carOptions_id) VALUES (1052,1004);
INSERT INTO employeecar_caroption (EmployeeCar_id,carOptions_id) VALUES (1053,1002);
INSERT INTO employeecar_caroption (EmployeeCar_id,carOptions_id) VALUES (1054,1007);
INSERT INTO employeecar_caroption (EmployeeCar_id,carOptions_id) VALUES (1055,1009);
INSERT INTO employeecar_caroption (EmployeeCar_id,carOptions_id) VALUES (1056,1001);
INSERT INTO employeecar_caroption (EmployeeCar_id,carOptions_id) VALUES (1056,1008);
INSERT INTO employeecar_caroption (EmployeeCar_id,carOptions_id) VALUES (1057,1002);
INSERT INTO employeecar_caroption (EmployeeCar_id,carOptions_id) VALUES (1057,1007);
INSERT INTO employeecar_caroption (EmployeeCar_id,carOptions_id) VALUES (1058,1004);
INSERT INTO employeecar_caroption (EmployeeCar_id,carOptions_id) VALUES (1058,1005);
INSERT INTO employeecar_caroption (EmployeeCar_id,carOptions_id) VALUES (1059,1004);
INSERT INTO employeecar_caroption (EmployeeCar_id,carOptions_id) VALUES (1060,1003);
INSERT INTO employeecar_caroption (EmployeeCar_id,carOptions_id) VALUES (1060,1007);
INSERT INTO employeecar_caroption (EmployeeCar_id,carOptions_id) VALUES (1060,1010);
INSERT INTO employeecar_caroption (EmployeeCar_id,carOptions_id) VALUES (1061,1010);
INSERT INTO employeecar_caroption (EmployeeCar_id,carOptions_id) VALUES (1062,1002);
INSERT INTO employeecar_caroption (EmployeeCar_id,carOptions_id) VALUES (1062,1005);
INSERT INTO employeecar_caroption (EmployeeCar_id,carOptions_id) VALUES (1062,1006);
INSERT INTO employeecar_caroption (EmployeeCar_id,carOptions_id) VALUES (1063,1008);
INSERT INTO employeecar_caroption (EmployeeCar_id,carOptions_id) VALUES (1064,1008);
INSERT INTO employeecar_caroption (EmployeeCar_id,carOptions_id) VALUES (1064,1009);
INSERT INTO employeecar_caroption (EmployeeCar_id,carOptions_id) VALUES (1065,1003);
INSERT INTO employeecar_caroption (EmployeeCar_id,carOptions_id) VALUES (1065,1007);
INSERT INTO employeecar_caroption (EmployeeCar_id,carOptions_id) VALUES (1065,1009);
INSERT INTO employeecar_caroption (EmployeeCar_id,carOptions_id) VALUES (1066,1003);
INSERT INTO employeecar_caroption (EmployeeCar_id,carOptions_id) VALUES (1067,1006);
INSERT INTO employeecar_caroption (EmployeeCar_id,carOptions_id) VALUES (1068,1005);
INSERT INTO employeecar_caroption (EmployeeCar_id,carOptions_id) VALUES (1068,1007);
INSERT INTO employeecar_caroption (EmployeeCar_id,carOptions_id) VALUES (1068,1010);
INSERT INTO employeecar_caroption (EmployeeCar_id,carOptions_id) VALUES (1069,1002);
INSERT INTO employeecar_caroption (EmployeeCar_id,carOptions_id) VALUES (1069,1003);
INSERT INTO employeecar_caroption (EmployeeCar_id,carOptions_id) VALUES (1069,1007);
INSERT INTO employeecar_caroption (EmployeeCar_id,carOptions_id) VALUES (1070,1002);
INSERT INTO employeecar_caroption (EmployeeCar_id,carOptions_id) VALUES (1070,1007);
INSERT INTO employeecar_caroption (EmployeeCar_id,carOptions_id) VALUES (1070,1009);
INSERT INTO employeecar_caroption (EmployeeCar_id,carOptions_id) VALUES (1071,1002);
INSERT INTO employeecar_caroption (EmployeeCar_id,carOptions_id) VALUES (1071,1005);
INSERT INTO employeecar_caroption (EmployeeCar_id,carOptions_id) VALUES (1072,1000);
INSERT INTO employeecar_caroption (EmployeeCar_id,carOptions_id) VALUES (1072,1009);
INSERT INTO employeecar_caroption (EmployeeCar_id,carOptions_id) VALUES (1072,1010);
INSERT INTO employeecar_caroption (EmployeeCar_id,carOptions_id) VALUES (1073,1001);
INSERT INTO employeecar_caroption (EmployeeCar_id,carOptions_id) VALUES (1073,1003);
INSERT INTO employeecar_caroption (EmployeeCar_id,carOptions_id) VALUES (1073,1010);
INSERT INTO employeecar_caroption (EmployeeCar_id,carOptions_id) VALUES (1074,1005);
INSERT INTO employeecar_caroption (EmployeeCar_id,carOptions_id) VALUES (1075,1003);
INSERT INTO employeecar_caroption (EmployeeCar_id,carOptions_id) VALUES (1075,1009);
INSERT INTO employeecar_caroption (EmployeeCar_id,carOptions_id) VALUES (1076,1002);
INSERT INTO employeecar_caroption (EmployeeCar_id,carOptions_id) VALUES (1076,1003);
INSERT INTO employeecar_caroption (EmployeeCar_id,carOptions_id) VALUES (1076,1006);
INSERT INTO employeecar_caroption (EmployeeCar_id,carOptions_id) VALUES (1077,1009);
INSERT INTO employeecar_caroption (EmployeeCar_id,carOptions_id) VALUES (1077,1010);
INSERT INTO employeecar_caroption (EmployeeCar_id,carOptions_id) VALUES (1078,1006);
INSERT INTO employeecar_caroption (EmployeeCar_id,carOptions_id) VALUES (1079,1000);
INSERT INTO employeecar_caroption (EmployeeCar_id,carOptions_id) VALUES (1079,1004);
INSERT INTO employeecar_caroption (EmployeeCar_id,carOptions_id) VALUES (1080,1002);
INSERT INTO employeecar_caroption (EmployeeCar_id,carOptions_id) VALUES (1081,1001);
INSERT INTO employeecar_caroption (EmployeeCar_id,carOptions_id) VALUES (1081,1008);
INSERT INTO employeecar_caroption (EmployeeCar_id,carOptions_id) VALUES (1082,1008);
INSERT INTO employeecar_caroption (EmployeeCar_id,carOptions_id) VALUES (1083,1003);
INSERT INTO employeecar_caroption (EmployeeCar_id,carOptions_id) VALUES (1083,1008);
INSERT INTO employeecar_caroption (EmployeeCar_id,carOptions_id) VALUES (1084,1004);
INSERT INTO employeecar_caroption (EmployeeCar_id,carOptions_id) VALUES (1084,1005);
INSERT INTO employeecar_caroption (EmployeeCar_id,carOptions_id) VALUES (1084,1008);
INSERT INTO employeecar_caroption (EmployeeCar_id,carOptions_id) VALUES (1085,1002);
INSERT INTO employeecar_caroption (EmployeeCar_id,carOptions_id) VALUES (1085,1007);
INSERT INTO employeecar_caroption (EmployeeCar_id,carOptions_id) VALUES (1086,1001);
INSERT INTO employeecar_caroption (EmployeeCar_id,carOptions_id) VALUES (1086,1004);
INSERT INTO employeecar_caroption (EmployeeCar_id,carOptions_id) VALUES (1086,1008);
INSERT INTO employeecar_caroption (EmployeeCar_id,carOptions_id) VALUES (1087,1000);
INSERT INTO employeecar_caroption (EmployeeCar_id,carOptions_id) VALUES (1088,1003);
INSERT INTO employeecar_caroption (EmployeeCar_id,carOptions_id) VALUES (1088,1006);
INSERT INTO employeecar_caroption (EmployeeCar_id,carOptions_id) VALUES (1088,1010);
INSERT INTO employeecar_caroption (EmployeeCar_id,carOptions_id) VALUES (1089,1005);
INSERT INTO employeecar_caroption (EmployeeCar_id,carOptions_id) VALUES (1090,1000);
INSERT INTO employeecar_caroption (EmployeeCar_id,carOptions_id) VALUES (1090,1004);
INSERT INTO employeecar_caroption (EmployeeCar_id,carOptions_id) VALUES (1090,1009);
INSERT INTO employeecar_caroption (EmployeeCar_id,carOptions_id) VALUES (1091,1003);
INSERT INTO employeecar_caroption (EmployeeCar_id,carOptions_id) VALUES (1092,1003);
INSERT INTO employeecar_caroption (EmployeeCar_id,carOptions_id) VALUES (1092,1005);
INSERT INTO employeecar_caroption (EmployeeCar_id,carOptions_id) VALUES (1093,1004);
INSERT INTO employeecar_caroption (EmployeeCar_id,carOptions_id) VALUES (1094,1005);
INSERT INTO employeecar_caroption (EmployeeCar_id,carOptions_id) VALUES (1094,1010);
INSERT INTO employeecar_caroption (EmployeeCar_id,carOptions_id) VALUES (1095,1001);
INSERT INTO employeecar_caroption (EmployeeCar_id,carOptions_id) VALUES (1096,1010);
INSERT INTO employeecar_caroption (EmployeeCar_id,carOptions_id) VALUES (1097,1004);
INSERT INTO employeecar_caroption (EmployeeCar_id,carOptions_id) VALUES (1097,1008);
INSERT INTO employeecar_caroption (EmployeeCar_id,carOptions_id) VALUES (1097,1010);
INSERT INTO employeecar_caroption (EmployeeCar_id,carOptions_id) VALUES (1098,1001);
INSERT INTO employeecar_caroption (EmployeeCar_id,carOptions_id) VALUES (1098,1003);
INSERT INTO employeecar_caroption (EmployeeCar_id,carOptions_id) VALUES (1099,1001);
INSERT INTO employeecar_caroption (EmployeeCar_id,carOptions_id) VALUES (1099,1005);
INSERT INTO employeecar_caroption (EmployeeCar_id,carOptions_id) VALUES (1099,1008);
INSERT INTO carorder (id,version,amountPaidByEmployee,amountPaidByCompany,dateOrdered,dateReceived,orderedCar_id) VALUES (1000,1,6335.81,19007.42,"2010-04-12","2010-07-12",1000);
INSERT INTO carorder (id,version,amountPaidByEmployee,amountPaidByCompany,dateOrdered,dateReceived,orderedCar_id) VALUES (1001,1,4986.37,14959.11,"2013-04-16","2013-07-16",1001);
INSERT INTO carorder (id,version,amountPaidByEmployee,amountPaidByCompany,dateOrdered,dateReceived,orderedCar_id) VALUES (1002,1,7079.05,21237.14,"2010-04-05","2010-07-05",1002);
INSERT INTO carorder (id,version,amountPaidByEmployee,amountPaidByCompany,dateOrdered,dateReceived,orderedCar_id) VALUES (1003,1,8636.94,25910.81,"2014-04-08","2014-07-08",1003);
INSERT INTO carorder (id,version,amountPaidByEmployee,amountPaidByCompany,dateOrdered,dateReceived,orderedCar_id) VALUES (1004,1,7008.68,21026.03,"2010-03-12","2010-06-12",1004);
INSERT INTO carorder (id,version,amountPaidByEmployee,amountPaidByCompany,dateOrdered,dateReceived,orderedCar_id) VALUES (1005,1,7377.87,22133.62,"2013-05-19","2013-08-19",1005);
INSERT INTO carorder (id,version,amountPaidByEmployee,amountPaidByCompany,dateOrdered,dateReceived,orderedCar_id) VALUES (1006,1,7736.40,23209.21,"2010-01-10","2010-04-10",1006);
INSERT INTO carorder (id,version,amountPaidByEmployee,amountPaidByCompany,dateOrdered,dateReceived,orderedCar_id) VALUES (1007,1,7780.62,23341.85,"2013-02-13","2013-05-13",1007);
INSERT INTO carorder (id,version,amountPaidByEmployee,amountPaidByCompany,dateOrdered,dateReceived,orderedCar_id) VALUES (1008,1,9042.60,27127.79,"2010-04-13","2010-07-13",1008);
INSERT INTO carorder (id,version,amountPaidByEmployee,amountPaidByCompany,dateOrdered,dateReceived,orderedCar_id) VALUES (1009,1,8816.27,26448.82,"2014-05-17","2014-08-17",1009);
INSERT INTO carorder (id,version,amountPaidByEmployee,amountPaidByCompany,dateOrdered,dateReceived,orderedCar_id) VALUES (1010,1,8434.90,25304.70,"2010-05-15","2010-08-15",1010);
INSERT INTO carorder (id,version,amountPaidByEmployee,amountPaidByCompany,dateOrdered,dateReceived,orderedCar_id) VALUES (1011,1,8816.27,26448.82,"2014-06-16","2014-09-16",1011);
INSERT INTO carorder (id,version,amountPaidByEmployee,amountPaidByCompany,dateOrdered,dateReceived,orderedCar_id) VALUES (1012,1,9777.13,29331.38,"2010-03-09","2010-06-09",1012);
INSERT INTO carorder (id,version,amountPaidByEmployee,amountPaidByCompany,dateOrdered,dateReceived,orderedCar_id) VALUES (1013,1,8816.27,26448.82,"2013-05-15","2013-08-15",1013);
INSERT INTO carorder (id,version,amountPaidByEmployee,amountPaidByCompany,dateOrdered,dateReceived,orderedCar_id) VALUES (1014,1,7721.86,23165.58,"2010-03-08","2010-06-08",1014);
INSERT INTO carorder (id,version,amountPaidByEmployee,amountPaidByCompany,dateOrdered,dateReceived,orderedCar_id) VALUES (1015,1,6963.47,20890.42,"2013-03-13","2013-06-13",1015);
INSERT INTO carorder (id,version,amountPaidByEmployee,amountPaidByCompany,dateOrdered,dateReceived,orderedCar_id) VALUES (1016,1,7542.31,22626.92,"2010-01-11","2010-04-11",1016);
INSERT INTO carorder (id,version,amountPaidByEmployee,amountPaidByCompany,dateOrdered,dateReceived,orderedCar_id) VALUES (1017,1,8636.94,25910.81,"2014-03-16","2014-06-16",1017);
INSERT INTO carorder (id,version,amountPaidByEmployee,amountPaidByCompany,dateOrdered,dateReceived,orderedCar_id) VALUES (1018,1,7780.62,23341.85,"2010-02-06","2010-05-06",1018);
INSERT INTO carorder (id,version,amountPaidByEmployee,amountPaidByCompany,dateOrdered,dateReceived,orderedCar_id) VALUES (1019,1,8796.87,26390.62,"2013-02-08","2013-05-08",1019);
INSERT INTO carorder (id,version,amountPaidByEmployee,amountPaidByCompany,dateOrdered,dateReceived,orderedCar_id) VALUES (1020,1,8434.90,25304.70,"2010-03-08","2010-06-08",1020);
INSERT INTO carorder (id,version,amountPaidByEmployee,amountPaidByCompany,dateOrdered,dateReceived,orderedCar_id) VALUES (1021,1,9042.60,27127.79,"2014-04-10","2014-07-10",1021);
INSERT INTO carorder (id,version,amountPaidByEmployee,amountPaidByCompany,dateOrdered,dateReceived,orderedCar_id) VALUES (1022,1,7542.31,22626.92,"2010-05-10","2010-08-10",1022);
INSERT INTO carorder (id,version,amountPaidByEmployee,amountPaidByCompany,dateOrdered,dateReceived,orderedCar_id) VALUES (1023,1,8636.94,25910.81,"2014-06-16","2014-09-16",1023);
INSERT INTO carorder (id,version,amountPaidByEmployee,amountPaidByCompany,dateOrdered,dateReceived,orderedCar_id) VALUES (1024,1,7413.87,22241.61,"2010-05-14","2010-08-14",1024);
INSERT INTO carorder (id,version,amountPaidByEmployee,amountPaidByCompany,dateOrdered,dateReceived,orderedCar_id) VALUES (1025,1,7413.87,22241.61,"2013-08-16","2013-11-16",1025);
INSERT INTO carorder (id,version,amountPaidByEmployee,amountPaidByCompany,dateOrdered,dateReceived,orderedCar_id) VALUES (1026,1,7795.13,23385.39,"2010-05-14","2010-08-14",1026);
INSERT INTO carorder (id,version,amountPaidByEmployee,amountPaidByCompany,dateOrdered,dateReceived,orderedCar_id) VALUES (1027,1,7079.05,21237.14,"2013-05-19","2013-08-19",1027);
INSERT INTO carorder (id,version,amountPaidByEmployee,amountPaidByCompany,dateOrdered,dateReceived,orderedCar_id) VALUES (1028,1,7008.68,21026.03,"2010-03-07","2010-06-07",1028);
INSERT INTO carorder (id,version,amountPaidByEmployee,amountPaidByCompany,dateOrdered,dateReceived,orderedCar_id) VALUES (1029,1,7413.87,22241.61,"2013-04-09","2013-07-09",1029);
INSERT INTO carorder (id,version,amountPaidByEmployee,amountPaidByCompany,dateOrdered,dateReceived,orderedCar_id) VALUES (1030,1,8716.16,26148.47,"2010-02-04","2010-05-04",1030);
INSERT INTO carorder (id,version,amountPaidByEmployee,amountPaidByCompany,dateOrdered,dateReceived,orderedCar_id) VALUES (1031,1,8816.27,26448.82,"2014-04-09","2014-07-09",1031);
INSERT INTO carorder (id,version,amountPaidByEmployee,amountPaidByCompany,dateOrdered,dateReceived,orderedCar_id) VALUES (1032,1,8213.02,24639.05,"2010-02-15","2010-05-15",1032);
INSERT INTO carorder (id,version,amountPaidByEmployee,amountPaidByCompany,dateOrdered,dateReceived,orderedCar_id) VALUES (1033,1,7008.68,21026.03,"2014-03-21","2014-06-21",1033);
INSERT INTO carorder (id,version,amountPaidByEmployee,amountPaidByCompany,dateOrdered,dateReceived,orderedCar_id) VALUES (1034,1,7767.55,23302.64,"2010-04-14","2010-07-14",1034);
INSERT INTO carorder (id,version,amountPaidByEmployee,amountPaidByCompany,dateOrdered,dateReceived,orderedCar_id) VALUES (1035,1,7767.55,23302.64,"2013-07-18","2013-10-18",1035);
INSERT INTO carorder (id,version,amountPaidByEmployee,amountPaidByCompany,dateOrdered,dateReceived,orderedCar_id) VALUES (1036,1,6600.19,19800.56,"2010-03-14","2010-06-14",1036);
INSERT INTO carorder (id,version,amountPaidByEmployee,amountPaidByCompany,dateOrdered,dateReceived,orderedCar_id) VALUES (1037,1,6984.32,20952.95,"2013-05-16","2013-08-16",1037);
INSERT INTO carorder (id,version,amountPaidByEmployee,amountPaidByCompany,dateOrdered,dateReceived,orderedCar_id) VALUES (1038,1,8716.16,26148.47,"2010-05-09","2010-08-09",1038);
INSERT INTO carorder (id,version,amountPaidByEmployee,amountPaidByCompany,dateOrdered,dateReceived,orderedCar_id) VALUES (1039,1,9042.60,27127.79,"2014-06-15","2014-09-15",1039);
INSERT INTO carorder (id,version,amountPaidByEmployee,amountPaidByCompany,dateOrdered,dateReceived,orderedCar_id) VALUES (1040,1,6600.19,19800.56,"2010-02-08","2010-05-08",1040);
INSERT INTO carorder (id,version,amountPaidByEmployee,amountPaidByCompany,dateOrdered,dateReceived,orderedCar_id) VALUES (1041,1,7154.72,21464.16,"2013-04-09","2013-07-09",1041);
INSERT INTO carorder (id,version,amountPaidByEmployee,amountPaidByCompany,dateOrdered,dateReceived,orderedCar_id) VALUES (1042,1,7308.58,21925.74,"2010-03-12","2010-06-12",1042);
INSERT INTO carorder (id,version,amountPaidByEmployee,amountPaidByCompany,dateOrdered,dateReceived,orderedCar_id) VALUES (1043,1,7308.58,21925.74,"2013-06-12","2013-09-12",1043);
INSERT INTO carorder (id,version,amountPaidByEmployee,amountPaidByCompany,dateOrdered,dateReceived,orderedCar_id) VALUES (1044,1,5794.50,17383.50,"2010-05-10","2010-08-10",1044);
INSERT INTO carorder (id,version,amountPaidByEmployee,amountPaidByCompany,dateOrdered,dateReceived,orderedCar_id) VALUES (1045,1,5794.50,17383.50,"2013-05-16","2013-08-16",1045);
INSERT INTO carorder (id,version,amountPaidByEmployee,amountPaidByCompany,dateOrdered,dateReceived,orderedCar_id) VALUES (1046,1,9543.83,28631.48,"2010-05-14","2010-08-14",1046);
INSERT INTO carorder (id,version,amountPaidByEmployee,amountPaidByCompany,dateOrdered,dateReceived,orderedCar_id) VALUES (1047,1,10289.83,30869.48,"2014-05-17","2014-08-17",1047);
INSERT INTO carorder (id,version,amountPaidByEmployee,amountPaidByCompany,dateOrdered,dateReceived,orderedCar_id) VALUES (1048,1,9543.83,28631.48,"2010-04-07","2010-07-07",1048);
INSERT INTO carorder (id,version,amountPaidByEmployee,amountPaidByCompany,dateOrdered,dateReceived,orderedCar_id) VALUES (1049,1,9543.83,28631.48,"2014-04-08","2014-07-08",1049);
INSERT INTO carorder (id,version,amountPaidByEmployee,amountPaidByCompany,dateOrdered,dateReceived,orderedCar_id) VALUES (1050,1,8716.16,26148.47,"2010-04-09","2010-07-09",1050);
INSERT INTO carorder (id,version,amountPaidByEmployee,amountPaidByCompany,dateOrdered,dateReceived,orderedCar_id) VALUES (1051,1,8716.16,26148.47,"2013-05-13","2013-08-13",1051);
INSERT INTO carorder (id,version,amountPaidByEmployee,amountPaidByCompany,dateOrdered,dateReceived,orderedCar_id) VALUES (1052,1,7079.05,21237.14,"2010-01-11","2010-04-11",1052);
INSERT INTO carorder (id,version,amountPaidByEmployee,amountPaidByCompany,dateOrdered,dateReceived,orderedCar_id) VALUES (1053,1,8796.87,26390.62,"2014-03-18","2014-06-18",1053);
INSERT INTO carorder (id,version,amountPaidByEmployee,amountPaidByCompany,dateOrdered,dateReceived,orderedCar_id) VALUES (1054,1,8796.87,26390.62,"2010-01-10","2010-04-10",1054);
INSERT INTO carorder (id,version,amountPaidByEmployee,amountPaidByCompany,dateOrdered,dateReceived,orderedCar_id) VALUES (1055,1,7542.31,22626.92,"2013-01-10","2013-04-10",1055);
INSERT INTO carorder (id,version,amountPaidByEmployee,amountPaidByCompany,dateOrdered,dateReceived,orderedCar_id) VALUES (1056,1,8213.02,24639.05,"2010-04-14","2010-07-14",1056);
INSERT INTO carorder (id,version,amountPaidByEmployee,amountPaidByCompany,dateOrdered,dateReceived,orderedCar_id) VALUES (1057,1,7767.55,23302.64,"2013-05-21","2013-08-21",1057);
INSERT INTO carorder (id,version,amountPaidByEmployee,amountPaidByCompany,dateOrdered,dateReceived,orderedCar_id) VALUES (1058,1,8213.02,24639.05,"2010-04-13","2010-07-13",1058);
INSERT INTO carorder (id,version,amountPaidByEmployee,amountPaidByCompany,dateOrdered,dateReceived,orderedCar_id) VALUES (1059,1,7413.05,22239.14,"2013-04-16","2013-07-16",1059);
INSERT INTO carorder (id,version,amountPaidByEmployee,amountPaidByCompany,dateOrdered,dateReceived,orderedCar_id) VALUES (1060,1,4296.98,12890.93,"2010-02-01","2010-05-01",1060);
INSERT INTO carorder (id,version,amountPaidByEmployee,amountPaidByCompany,dateOrdered,dateReceived,orderedCar_id) VALUES (1061,1,5794.50,17383.50,"2013-03-01","2013-06-01",1061);
INSERT INTO carorder (id,version,amountPaidByEmployee,amountPaidByCompany,dateOrdered,dateReceived,orderedCar_id) VALUES (1062,1,9042.60,27127.79,"2010-02-05","2010-05-05",1062);
INSERT INTO carorder (id,version,amountPaidByEmployee,amountPaidByCompany,dateOrdered,dateReceived,orderedCar_id) VALUES (1063,1,9543.83,28631.48,"2013-03-11","2013-06-11",1063);
INSERT INTO carorder (id,version,amountPaidByEmployee,amountPaidByCompany,dateOrdered,dateReceived,orderedCar_id) VALUES (1064,1,6335.81,19007.42,"2010-01-11","2010-04-11",1064);
INSERT INTO carorder (id,version,amountPaidByEmployee,amountPaidByCompany,dateOrdered,dateReceived,orderedCar_id) VALUES (1065,1,6869.24,20607.71,"2014-01-12","2014-04-12",1065);
INSERT INTO carorder (id,version,amountPaidByEmployee,amountPaidByCompany,dateOrdered,dateReceived,orderedCar_id) VALUES (1066,1,7154.72,21464.16,"2010-04-08","2010-07-08",1066);
INSERT INTO carorder (id,version,amountPaidByEmployee,amountPaidByCompany,dateOrdered,dateReceived,orderedCar_id) VALUES (1067,1,7054.50,21163.51,"2014-05-11","2014-08-11",1067);
INSERT INTO carorder (id,version,amountPaidByEmployee,amountPaidByCompany,dateOrdered,dateReceived,orderedCar_id) VALUES (1068,1,7795.13,23385.39,"2010-02-07","2010-05-07",1068);
INSERT INTO carorder (id,version,amountPaidByEmployee,amountPaidByCompany,dateOrdered,dateReceived,orderedCar_id) VALUES (1069,1,7542.31,22626.92,"2013-03-11","2013-06-11",1069);
INSERT INTO carorder (id,version,amountPaidByEmployee,amountPaidByCompany,dateOrdered,dateReceived,orderedCar_id) VALUES (1070,1,4296.98,12890.93,"2010-01-02","2010-04-02",1070);
INSERT INTO carorder (id,version,amountPaidByEmployee,amountPaidByCompany,dateOrdered,dateReceived,orderedCar_id) VALUES (1071,1,6262.25,18786.74,"2013-01-06","2013-04-06",1071);
INSERT INTO carorder (id,version,amountPaidByEmployee,amountPaidByCompany,dateOrdered,dateReceived,orderedCar_id) VALUES (1072,1,9042.60,27127.79,"2010-01-05","2010-04-05",1072);
INSERT INTO carorder (id,version,amountPaidByEmployee,amountPaidByCompany,dateOrdered,dateReceived,orderedCar_id) VALUES (1073,1,9042.60,27127.79,"2014-02-08","2014-05-08",1073);
INSERT INTO carorder (id,version,amountPaidByEmployee,amountPaidByCompany,dateOrdered,dateReceived,orderedCar_id) VALUES (1074,1,4296.98,12890.93,"2010-01-01","2010-04-01",1074);
INSERT INTO carorder (id,version,amountPaidByEmployee,amountPaidByCompany,dateOrdered,dateReceived,orderedCar_id) VALUES (1075,1,6141.71,18425.11,"2014-01-04","2014-04-04",1075);
INSERT INTO carorder (id,version,amountPaidByEmployee,amountPaidByCompany,dateOrdered,dateReceived,orderedCar_id) VALUES (1076,1,4986.37,14959.11,"2010-05-04","2010-08-04",1076);
INSERT INTO carorder (id,version,amountPaidByEmployee,amountPaidByCompany,dateOrdered,dateReceived,orderedCar_id) VALUES (1077,1,4986.37,14959.11,"2013-08-08","2013-11-08",1077);
INSERT INTO carorder (id,version,amountPaidByEmployee,amountPaidByCompany,dateOrdered,dateReceived,orderedCar_id) VALUES (1078,1,8816.27,26448.82,"2010-05-04","2010-08-04",1078);
INSERT INTO carorder (id,version,amountPaidByEmployee,amountPaidByCompany,dateOrdered,dateReceived,orderedCar_id) VALUES (1079,1,9777.13,29331.38,"2014-05-06","2014-08-06",1079);
INSERT INTO carorder (id,version,amountPaidByEmployee,amountPaidByCompany,dateOrdered,dateReceived,orderedCar_id) VALUES (1080,1,5794.50,17383.50,"2010-05-08","2010-08-08",1080);
INSERT INTO carorder (id,version,amountPaidByEmployee,amountPaidByCompany,dateOrdered,dateReceived,orderedCar_id) VALUES (1081,1,6262.25,18786.74,"2014-05-10","2014-08-10",1081);
INSERT INTO carorder (id,version,amountPaidByEmployee,amountPaidByCompany,dateOrdered,dateReceived,orderedCar_id) VALUES (1082,1,4296.98,12890.93,"2010-01-08","2010-04-08",1082);
INSERT INTO carorder (id,version,amountPaidByEmployee,amountPaidByCompany,dateOrdered,dateReceived,orderedCar_id) VALUES (1083,1,4986.37,14959.11,"2014-02-11","2014-05-11",1083);
INSERT INTO carorder (id,version,amountPaidByEmployee,amountPaidByCompany,dateOrdered,dateReceived,orderedCar_id) VALUES (1084,1,7767.55,23302.64,"2010-04-02","2010-07-02",1084);
INSERT INTO carorder (id,version,amountPaidByEmployee,amountPaidByCompany,dateOrdered,dateReceived,orderedCar_id) VALUES (1085,1,7413.87,22241.61,"2013-07-04","2013-10-04",1085);
INSERT INTO carorder (id,version,amountPaidByEmployee,amountPaidByCompany,dateOrdered,dateReceived,orderedCar_id) VALUES (1086,1,7308.58,21925.74,"2010-01-10","2010-04-10",1086);
INSERT INTO carorder (id,version,amountPaidByEmployee,amountPaidByCompany,dateOrdered,dateReceived,orderedCar_id) VALUES (1087,1,7413.87,22241.61,"2013-04-13","2013-07-13",1087);
INSERT INTO carorder (id,version,amountPaidByEmployee,amountPaidByCompany,dateOrdered,dateReceived,orderedCar_id) VALUES (1088,1,7413.87,22241.61,"2010-03-15","2010-06-15",1088);
INSERT INTO carorder (id,version,amountPaidByEmployee,amountPaidByCompany,dateOrdered,dateReceived,orderedCar_id) VALUES (1089,1,7767.55,23302.64,"2014-04-18","2014-07-18",1089);
INSERT INTO carorder (id,version,amountPaidByEmployee,amountPaidByCompany,dateOrdered,dateReceived,orderedCar_id) VALUES (1090,1,7413.87,22241.61,"2010-03-11","2010-06-11",1090);
INSERT INTO carorder (id,version,amountPaidByEmployee,amountPaidByCompany,dateOrdered,dateReceived,orderedCar_id) VALUES (1091,1,7308.58,21925.74,"2013-05-15","2013-08-15",1091);
INSERT INTO carorder (id,version,amountPaidByEmployee,amountPaidByCompany,dateOrdered,dateReceived,orderedCar_id) VALUES (1092,1,4296.98,12890.93,"2010-05-09","2010-08-09",1092);
INSERT INTO carorder (id,version,amountPaidByEmployee,amountPaidByCompany,dateOrdered,dateReceived,orderedCar_id) VALUES (1093,1,4296.98,12890.93,"2014-07-14","2014-10-14",1093);
INSERT INTO carorder (id,version,amountPaidByEmployee,amountPaidByCompany,dateOrdered,dateReceived,orderedCar_id) VALUES (1094,1,8796.87,26390.62,"2010-04-10","2010-07-10",1094);
INSERT INTO carorder (id,version,amountPaidByEmployee,amountPaidByCompany,dateOrdered,dateReceived,orderedCar_id) VALUES (1095,1,7542.31,22626.92,"2014-07-14","2014-10-14",1095);
INSERT INTO carorder (id,version,amountPaidByEmployee,amountPaidByCompany,dateOrdered,dateReceived,orderedCar_id) VALUES (1096,1,5794.50,17383.50,"2010-03-15","2010-06-15",1096);
INSERT INTO carorder (id,version,amountPaidByEmployee,amountPaidByCompany,dateOrdered,dateReceived,orderedCar_id) VALUES (1097,1,6674.14,20022.43,"2013-05-22","2013-08-22",1097);
INSERT INTO carorder (id,version,amountPaidByEmployee,amountPaidByCompany,dateOrdered,dateReceived,orderedCar_id) VALUES (1098,1,7413.87,22241.61,"2010-03-08","2010-06-08",1098);
INSERT INTO carorder (id,version,amountPaidByEmployee,amountPaidByCompany,dateOrdered,dateReceived,orderedCar_id) VALUES (1099,1,8213.02,24639.05,"2013-04-12","2013-07-12",1099);
INSERT INTO user (id, version, ROLES, firstName, lastName, email, password, functionalLevel, inService, currentOrder_id) VALUES (1000,1,"RdEmployee","Wendy","Oliver","wendy.oliver@dummyrealdolmen.com","test123",2,false, 1000);
INSERT INTO user (id, version, ROLES, firstName, lastName, email, password, functionalLevel, inService, currentOrder_id) VALUES (1001,1,"RdEmployee","Diane","Miller","diane.miller@dummyrealdolmen.com","test123",5,false, 1001);
INSERT INTO user (id, version, ROLES, firstName, lastName, email, password, functionalLevel, inService, currentOrder_id) VALUES (1002,1,"RdEmployee","Emma","White","emma.white@dummyrealdolmen.com","test123",4,false, 1002);
INSERT INTO user (id, version, ROLES, firstName, lastName, email, password, functionalLevel, inService, currentOrder_id) VALUES (1003,1,"FleetEmployee","Emily","Chapman","emily.chapman@dummyrealdolmen.com","test123",5,true, 1003);
INSERT INTO user (id, version, ROLES, firstName, lastName, email, password, functionalLevel, inService, currentOrder_id) VALUES (1004,1,"FleetEmployee","Tracey","Knox","tracey.knox@dummyrealdolmen.com","test123",6,true, 1004);
INSERT INTO user (id, version, ROLES, firstName, lastName, email, password, functionalLevel, inService, currentOrder_id) VALUES (1005,1,"FleetEmployee","Caroline","Smith","caroline.smith@dummyrealdolmen.com","test123",6,true, 1005);
INSERT INTO user (id, version, ROLES, firstName, lastName, email, password, functionalLevel, inService, currentOrder_id) VALUES (1006,1,"RdEmployee","Stephen","Sutherland","stephen.sutherland@dummyrealdolmen.com","test123",6,true, 1006);
INSERT INTO user (id, version, ROLES, firstName, lastName, email, password, functionalLevel, inService, currentOrder_id) VALUES (1007,1,"RdEmployee","Michael","Hemmings","michael.hemmings@dummyrealdolmen.com","test123",3,true, 1007);
INSERT INTO user (id, version, ROLES, firstName, lastName, email, password, functionalLevel, inService, currentOrder_id) VALUES (1008,1,"RdEmployee","Ian","Cameron","ian.cameron@dummyrealdolmen.com","test123",5,true, 1008);
INSERT INTO user (id, version, ROLES, firstName, lastName, email, password, functionalLevel, inService, currentOrder_id) VALUES (1009,1,"RdEmployee","Yvonne","White","yvonne.white@dummyrealdolmen.com","test123",5,true, 1009);
INSERT INTO user (id, version, ROLES, firstName, lastName, email, password, functionalLevel, inService, currentOrder_id) VALUES (1010,1,"RdEmployee","Ian","Brown","ian.brown@dummyrealdolmen.com","test123",6,true, 1010);
INSERT INTO user (id, version, ROLES, firstName, lastName, email, password, functionalLevel, inService, currentOrder_id) VALUES (1011,1,"RdEmployee","Rebecca","Nash","rebecca.nash@dummyrealdolmen.com","test123",5,true, 1011);
INSERT INTO user (id, version, ROLES, firstName, lastName, email, password, functionalLevel, inService, currentOrder_id) VALUES (1012,1,"RdEmployee","Lauren","Mathis","lauren.mathis@dummyrealdolmen.com","test123",4,true, 1012);
INSERT INTO user (id, version, ROLES, firstName, lastName, email, password, functionalLevel, inService, currentOrder_id) VALUES (1013,1,"RdEmployee","Carol","Ellison","carol.ellison@dummyrealdolmen.com","test123",5,true,            1013);
INSERT INTO user (id, version, ROLES, firstName, lastName, email, password, functionalLevel, inService, currentOrder_id) VALUES (1014,1,"RdEmployee","Austin","Wilkins","austin.wilkins@dummyrealdolmen.com","test123",4,true,          1014);
INSERT INTO user (id, version, ROLES, firstName, lastName, email, password, functionalLevel, inService, currentOrder_id) VALUES (1015,1,"RdEmployee","Joshua","Parr","joshua.parr@dummyrealdolmen.com","test123",6,true,                1015);
INSERT INTO user (id, version, ROLES, firstName, lastName, email, password, functionalLevel, inService, currentOrder_id) VALUES (1016,1,"RdEmployee","Mary","Slater","mary.slater@dummyrealdolmen.com","test123",4,true,                1016);
INSERT INTO user (id, version, ROLES, firstName, lastName, email, password, functionalLevel, inService, currentOrder_id) VALUES (1017,1,"RdEmployee","Isaac","Forsyth","isaac.forsyth@dummyrealdolmen.com","test123",4,true,            1017);
INSERT INTO user (id, version, ROLES, firstName, lastName, email, password, functionalLevel, inService, currentOrder_id) VALUES (1018,1,"RdEmployee","Jasmine","Hunter","jasmine.hunter@dummyrealdolmen.com","test123",3,true,          1018);
INSERT INTO user (id, version, ROLES, firstName, lastName, email, password, functionalLevel, inService, currentOrder_id) VALUES (1019,1,"RdEmployee","Owen","Davies","owen.davies@dummyrealdolmen.com","test123",6,true,                1019);
INSERT INTO user (id, version, ROLES, firstName, lastName, email, password, functionalLevel, inService, currentOrder_id) VALUES (1020,1,"RdEmployee","Rebecca","Thomson","rebecca.thomson@dummyrealdolmen.com","test123",3,true,        1020);
INSERT INTO user (id, version, ROLES, firstName, lastName, email, password, functionalLevel, inService, currentOrder_id) VALUES (1021,1,"RdEmployee","Molly","Lyman","molly.lyman@dummyrealdolmen.com","test123",4,true,                1021);
INSERT INTO user (id, version, ROLES, firstName, lastName, email, password, functionalLevel, inService, currentOrder_id) VALUES (1022,1,"RdEmployee","Justin","Hughes","justin.hughes@dummyrealdolmen.com","test123",2,true,            1022);
INSERT INTO user (id, version, ROLES, firstName, lastName, email, password, functionalLevel, inService, currentOrder_id) VALUES (1023,1,"RdEmployee","Edward","Dowd","edward.dowd@dummyrealdolmen.com","test123",6,true,                1023);
INSERT INTO user (id, version, ROLES, firstName, lastName, email, password, functionalLevel, inService, currentOrder_id) VALUES (1024,1,"RdEmployee","Vanessa","Vance","vanessa.vance@dummyrealdolmen.com","test123",6,true,            1024);
INSERT INTO user (id, version, ROLES, firstName, lastName, email, password, functionalLevel, inService, currentOrder_id) VALUES (1025,1,"RdEmployee","Sam","Clarkson","sam.clarkson@dummyrealdolmen.com","test123",6,true,              1025);
INSERT INTO user (id, version, ROLES, firstName, lastName, email, password, functionalLevel, inService, currentOrder_id) VALUES (1026,1,"RdEmployee","Michael","Wallace","michael.wallace@dummyrealdolmen.com","test123",5,true,        1026);
INSERT INTO user (id, version, ROLES, firstName, lastName, email, password, functionalLevel, inService, currentOrder_id) VALUES (1027,1,"RdEmployee","Sebastian","Lawrence","sebastian.lawrence@dummyrealdolmen.com","test123",5,true,  1027);
INSERT INTO user (id, version, ROLES, firstName, lastName, email, password, functionalLevel, inService, currentOrder_id) VALUES (1028,1,"RdEmployee","Caroline","Lambert","caroline.lambert@dummyrealdolmen.com","test123",4,true,      1028);
INSERT INTO user (id, version, ROLES, firstName, lastName, email, password, functionalLevel, inService, currentOrder_id) VALUES (1029,1,"RdEmployee","Andrea","Hemmings","andrea.hemmings@dummyrealdolmen.com","test123",4,true,        1029);
INSERT INTO user (id, version, ROLES, firstName, lastName, email, password, functionalLevel, inService, currentOrder_id) VALUES (1030,1,"RdEmployee","Boris","Abraham","boris.abraham@dummyrealdolmen.com","test123",2,true,            1030);
INSERT INTO user (id, version, ROLES, firstName, lastName, email, password, functionalLevel, inService, currentOrder_id) VALUES (1031,1,"RdEmployee","Kimberly","Forsyth","kimberly.forsyth@dummyrealdolmen.com","test123",6,true,      1031);
INSERT INTO user (id, version, ROLES, firstName, lastName, email, password, functionalLevel, inService, currentOrder_id) VALUES (1032,1,"RdEmployee","Charles","Manning","charles.manning@dummyrealdolmen.com","test123",2,true,        1032);
INSERT INTO user (id, version, ROLES, firstName, lastName, email, password, functionalLevel, inService, currentOrder_id) VALUES (1033,1,"RdEmployee","Yvonne","Greene","yvonne.greene@dummyrealdolmen.com","test123",3,true,            1033);
INSERT INTO user (id, version, ROLES, firstName, lastName, email, password, functionalLevel, inService, currentOrder_id) VALUES (1034,1,"RdEmployee","Heather","Sanderson","heather.sanderson@dummyrealdolmen.com","test123",5,true,    1034);
INSERT INTO user (id, version, ROLES, firstName, lastName, email, password, functionalLevel, inService, currentOrder_id) VALUES (1035,1,"RdEmployee","Alexandra","Hardacre","alexandra.hardacre@dummyrealdolmen.com","test123",2,true,  1035);
INSERT INTO user (id, version, ROLES, firstName, lastName, email, password, functionalLevel, inService, currentOrder_id) VALUES (1036,1,"RdEmployee","Vanessa","Alsop","vanessa.alsop@dummyrealdolmen.com","test123",6,true,            1036);
INSERT INTO user (id, version, ROLES, firstName, lastName, email, password, functionalLevel, inService, currentOrder_id) VALUES (1037,1,"RdEmployee","Natalie","Churchill","natalie.churchill@dummyrealdolmen.com","test123",2,true,    1037);
INSERT INTO user (id, version, ROLES, firstName, lastName, email, password, functionalLevel, inService, currentOrder_id) VALUES (1038,1,"RdEmployee","John","Johnston","john.johnston@dummyrealdolmen.com","test123",2,true,            1038);
INSERT INTO user (id, version, ROLES, firstName, lastName, email, password, functionalLevel, inService, currentOrder_id) VALUES (1039,1,"RdEmployee","Piers","Carr","piers.carr@dummyrealdolmen.com","test123",6,true,                  1039);
INSERT INTO user (id, version, ROLES, firstName, lastName, email, password, functionalLevel, inService, currentOrder_id) VALUES (1040,1,"RdEmployee","Max","Johnston","max.johnston@dummyrealdolmen.com","test123",2,true,              1040);
INSERT INTO user (id, version, ROLES, firstName, lastName, email, password, functionalLevel, inService, currentOrder_id) VALUES (1041,1,"RdEmployee","Evan","Parsons","evan.parsons@dummyrealdolmen.com","test123",2,true,              1041);
INSERT INTO user (id, version, ROLES, firstName, lastName, email, password, functionalLevel, inService, currentOrder_id) VALUES (1042,1,"RdEmployee","Lauren","Mackenzie","lauren.mackenzie@dummyrealdolmen.com","test123",4,true,      1042);
INSERT INTO user (id, version, ROLES, firstName, lastName, email, password, functionalLevel, inService, currentOrder_id) VALUES (1043,1,"RdEmployee","Pippa","Ince","pippa.ince@dummyrealdolmen.com","test123",4,true,                  1043);
INSERT INTO user (id, version, ROLES, firstName, lastName, email, password, functionalLevel, inService, currentOrder_id) VALUES (1044,1,"RdEmployee","Carl","Paterson","carl.paterson@dummyrealdolmen.com","test123",4,true,            1044);
INSERT INTO user (id, version, ROLES, firstName, lastName, email, password, functionalLevel, inService, currentOrder_id) VALUES (1045,1,"RdEmployee","Lauren","King","lauren.king@dummyrealdolmen.com","test123",4,true,                1045);
INSERT INTO user (id, version, ROLES, firstName, lastName, email, password, functionalLevel, inService, currentOrder_id) VALUES (1046,1,"RdEmployee","Paul","Kerr","paul.kerr@dummyrealdolmen.com","test123",2,true,                    1046);
INSERT INTO user (id, version, ROLES, firstName, lastName, email, password, functionalLevel, inService, currentOrder_id) VALUES (1047,1,"RdEmployee","Adam","Peters","adam.peters@dummyrealdolmen.com","test123",5,true,                1047);
INSERT INTO user (id, version, ROLES, firstName, lastName, email, password, functionalLevel, inService, currentOrder_id) VALUES (1048,1,"RdEmployee","Emily","King","emily.king@dummyrealdolmen.com","test123",2,true,                  1048);
INSERT INTO user (id, version, ROLES, firstName, lastName, email, password, functionalLevel, inService, currentOrder_id) VALUES (1049,1,"RdEmployee","Molly","Clarkson","molly.clarkson@dummyrealdolmen.com","test123",4,true,          1049);
INSERT INTO user_carorder (User_id,orderHistory_id) VALUES (1000,1000);
INSERT INTO user_carorder (User_id,orderHistory_id) VALUES (1001,1002);
INSERT INTO user_carorder (User_id,orderHistory_id) VALUES (1002,1004);
INSERT INTO user_carorder (User_id,orderHistory_id) VALUES (1003,1006);
INSERT INTO user_carorder (User_id,orderHistory_id) VALUES (1004,1008);
INSERT INTO user_carorder (User_id,orderHistory_id) VALUES (1005,1010);
INSERT INTO user_carorder (User_id,orderHistory_id) VALUES (1006,1012);
INSERT INTO user_carorder (User_id,orderHistory_id) VALUES (1007,1014);
INSERT INTO user_carorder (User_id,orderHistory_id) VALUES (1008,1016);
INSERT INTO user_carorder (User_id,orderHistory_id) VALUES (1009,1018);
INSERT INTO user_carorder (User_id,orderHistory_id) VALUES (1010,1020);
INSERT INTO user_carorder (User_id,orderHistory_id) VALUES (1011,1022);
INSERT INTO user_carorder (User_id,orderHistory_id) VALUES (1012,1024);
INSERT INTO user_carorder (User_id,orderHistory_id) VALUES (1013,1026);
INSERT INTO user_carorder (User_id,orderHistory_id) VALUES (1014,1028);
INSERT INTO user_carorder (User_id,orderHistory_id) VALUES (1015,1030);
INSERT INTO user_carorder (User_id,orderHistory_id) VALUES (1016,1032);
INSERT INTO user_carorder (User_id,orderHistory_id) VALUES (1017,1034);
INSERT INTO user_carorder (User_id,orderHistory_id) VALUES (1018,1036);
INSERT INTO user_carorder (User_id,orderHistory_id) VALUES (1019,1038);
INSERT INTO user_carorder (User_id,orderHistory_id) VALUES (1020,1040);
INSERT INTO user_carorder (User_id,orderHistory_id) VALUES (1021,1042);
INSERT INTO user_carorder (User_id,orderHistory_id) VALUES (1022,1044);
INSERT INTO user_carorder (User_id,orderHistory_id) VALUES (1023,1046);
INSERT INTO user_carorder (User_id,orderHistory_id) VALUES (1024,1048);
INSERT INTO user_carorder (User_id,orderHistory_id) VALUES (1025,1050);
INSERT INTO user_carorder (User_id,orderHistory_id) VALUES (1026,1052);
INSERT INTO user_carorder (User_id,orderHistory_id) VALUES (1027,1054);
INSERT INTO user_carorder (User_id,orderHistory_id) VALUES (1028,1056);
INSERT INTO user_carorder (User_id,orderHistory_id) VALUES (1029,1058);
INSERT INTO user_carorder (User_id,orderHistory_id) VALUES (1030,1060);
INSERT INTO user_carorder (User_id,orderHistory_id) VALUES (1031,1062);
INSERT INTO user_carorder (User_id,orderHistory_id) VALUES (1032,1064);
INSERT INTO user_carorder (User_id,orderHistory_id) VALUES (1033,1066);
INSERT INTO user_carorder (User_id,orderHistory_id) VALUES (1034,1068);
INSERT INTO user_carorder (User_id,orderHistory_id) VALUES (1035,1070);
INSERT INTO user_carorder (User_id,orderHistory_id) VALUES (1036,1072);
INSERT INTO user_carorder (User_id,orderHistory_id) VALUES (1037,1074);
INSERT INTO user_carorder (User_id,orderHistory_id) VALUES (1038,1076);
INSERT INTO user_carorder (User_id,orderHistory_id) VALUES (1039,1078);
INSERT INTO user_carorder (User_id,orderHistory_id) VALUES (1040,1080);
INSERT INTO user_carorder (User_id,orderHistory_id) VALUES (1041,1082);
INSERT INTO user_carorder (User_id,orderHistory_id) VALUES (1042,1084);
INSERT INTO user_carorder (User_id,orderHistory_id) VALUES (1043,1086);
INSERT INTO user_carorder (User_id,orderHistory_id) VALUES (1044,1088);
INSERT INTO user_carorder (User_id,orderHistory_id) VALUES (1045,1090);
INSERT INTO user_carorder (User_id,orderHistory_id) VALUES (1046,1092);
INSERT INTO user_carorder (User_id,orderHistory_id) VALUES (1047,1094);
INSERT INTO user_carorder (User_id,orderHistory_id) VALUES (1048,1096);
INSERT INTO user_carorder (User_id,orderHistory_id) VALUES (1049,1098);
